F1,year,dont_say_gay,same_sex_marriage_ban,relig_lib_protection_discrim,decrim_same_sex,bathroom_ban,gac_ban,surgery_require_genderchange,lgbt_discrim_protect,preemption_discrim,Genderchange_x,No_surgery_genderchange,No_genderchange,same_sex_marriage_legal,pm_index,statenam
-2.30877472174188,2000,1,1,1,0,0,0,0,0,0,0,0,0,0,-2.30877472174188,Alabama
-2.30877472174188,2001,1,1,1,0,0,0,0,0,0,0,0,0,0,-2.30877472174188,Alabama
-2.30877472174188,2002,1,1,1,0,0,0,0,0,0,0,0,0,0,-2.30877472174188,Alabama
-2.29806116250785,2003,1,1,1,1,0,0,0,0,0,0,0,0,0,-2.29806116250785,Alabama
-2.29806116250785,2004,1,1,1,1,0,0,0,0,0,0,0,0,0,-2.29806116250785,Alabama
-2.29806116250785,2005,1,1,1,1,0,0,0,0,0,0,0,0,0,-2.29806116250785,Alabama
-2.29806116250785,2006,1,1,1,1,0,0,0,0,0,0,0,0,0,-2.29806116250785,Alabama
-2.29806116250785,2007,1,1,1,1,0,0,0,0,0,0,0,0,0,-2.29806116250785,Alabama
-2.29806116250785,2008,1,1,1,1,0,0,0,0,0,0,0,0,0,-2.29806116250785,Alabama
-2.29806116250785,2009,1,1,1,1,0,0,0,0,0,0,0,0,0,-2.29806116250785,Alabama
-2.29806116250785,2010,1,1,1,1,0,0,0,0,0,0,0,0,0,-2.29806116250785,Alabama
-2.29806116250785,2011,1,1,1,1,0,0,0,0,0,0,0,0,0,-2.29806116250785,Alabama
-2.29806116250785,2012,1,1,1,1,0,0,0,0,0,0,0,0,0,-2.29806116250785,Alabama
-2.29806116250785,2013,1,1,1,1,0,0,0,0,0,0,0,0,0,-2.29806116250785,Alabama
-2.29806116250785,2014,1,1,1,1,0,0,0,0,0,0,0,0,0,-2.29806116250785,Alabama
0.601716614599537,2015,1,0,1,1,0,0,0,0,0,0,0,0,1,0.601716614599537,Alabama
0.601716614599537,2016,1,0,1,1,0,0,0,0,0,0,0,0,1,0.601716614599537,Alabama
0.601716614599537,2017,1,0,1,1,0,0,0,0,0,0,0,0,1,0.601716614599537,Alabama
0.601716614599537,2018,1,0,1,1,0,0,0,0,0,0,0,0,1,0.601716614599537,Alabama
0.601716614599537,2019,1,0,1,1,0,0,0,0,0,0,0,0,1,0.601716614599537,Alabama
0.601716614599537,2020,1,0,1,1,0,0,0,0,0,0,0,0,1,0.601716614599537,Alabama
0.601716614599537,2021,1,0,1,1,0,0,0,0,0,0,0,0,1,0.601716614599537,Alabama
0.770858839523905,2022,1,0,1,1,-1,1,0,0,0,0,0,0,1,0.770858839523905,Alabama
0.770858839523905,2023,1,0,1,1,-1,1,0,0,0,0,0,0,1,0.770858839523905,Alabama
-0.907933022437287,2000,0,1,0,1,0,0,1,0,0,0,0,0,0,-0.907933022437287,Alaska
-0.907933022437287,2001,0,1,0,1,0,0,1,0,0,0,0,0,0,-0.907933022437287,Alaska
-0.907933022437287,2002,0,1,0,1,0,0,1,0,0,0,0,0,0,-0.907933022437287,Alaska
-0.907933022437287,2003,0,1,0,1,0,0,1,0,0,0,0,0,0,-0.907933022437287,Alaska
-0.907933022437287,2004,0,1,0,1,0,0,1,0,0,0,0,0,0,-0.907933022437287,Alaska
-0.907933022437287,2005,0,1,0,1,0,0,1,0,0,0,0,0,0,-0.907933022437287,Alaska
-0.907933022437287,2006,0,1,0,1,0,0,1,0,0,0,0,0,0,-0.907933022437287,Alaska
-0.907933022437287,2007,0,1,0,1,0,0,1,0,0,0,0,0,0,-0.907933022437287,Alaska
-0.907933022437287,2008,0,1,0,1,0,0,1,0,0,0,0,0,0,-0.907933022437287,Alaska
-0.907933022437287,2009,0,1,0,1,0,0,1,0,0,0,0,0,0,-0.907933022437287,Alaska
-0.907933022437287,2010,0,1,0,1,0,0,1,0,0,0,0,0,0,-0.907933022437287,Alaska
-0.907933022437287,2011,0,1,0,1,0,0,1,0,0,0,0,0,0,-0.907933022437287,Alaska
-0.907933022437287,2012,0,1,0,1,0,0,1,0,0,0,0,0,0,-0.907933022437287,Alaska
-0.907933022437287,2013,0,1,0,1,0,0,1,0,0,0,0,0,0,-0.907933022437287,Alaska
0.609549427442699,2014,0,0,0,1,0,0,1,0,0,0,0,0,1,0.609549427442699,Alaska
0.609549427442699,2015,0,0,0,1,0,0,1,0,0,0,0,0,1,0.609549427442699,Alaska
0.609549427442699,2016,0,0,0,1,0,0,1,0,0,0,0,0,1,0.609549427442699,Alaska
0.609549427442699,2017,0,0,0,1,0,0,1,0,0,0,0,0,1,0.609549427442699,Alaska
0.609549427442699,2018,0,0,0,1,0,0,1,0,0,0,0,0,1,0.609549427442699,Alaska
0.609549427442699,2019,0,0,0,1,0,0,1,0,0,0,0,0,1,0.609549427442699,Alaska
0.806717264178101,2020,0,0,0,1,0,0,1,1,0,0,0,0,1,0.806717264178101,Alaska
0.806717264178101,2021,0,0,0,1,0,0,1,1,0,0,0,0,1,0.806717264178101,Alaska
0.806717264178101,2022,0,0,0,1,0,0,1,1,0,0,0,0,1,0.806717264178101,Alaska
0.806717264178101,2023,0,0,0,1,0,0,1,1,0,0,0,0,1,0.806717264178101,Alaska
-1.37936774632505,2000,1,1,0,0,0,0,0,0,0,0,0,0,0,-1.37936774632505,Arizona
-1.35772111420734,2001,1,1,0,1,0,0,0,0,0,0,0,0,0,-1.35772111420734,Arizona
-1.35772111420734,2002,1,1,0,1,0,0,0,0,0,0,0,0,0,-1.35772111420734,Arizona
-1.35772111420734,2003,1,1,0,1,0,0,0,0,0,0,0,0,0,-1.35772111420734,Arizona
-1.35772111420734,2004,1,1,0,1,0,0,0,0,0,0,0,0,0,-1.35772111420734,Arizona
-1.35772111420734,2005,1,1,0,1,0,0,0,0,0,0,0,0,0,-1.35772111420734,Arizona
-1.35772111420734,2006,1,1,0,1,0,0,0,0,0,0,0,0,0,-1.35772111420734,Arizona
-1.35772111420734,2007,1,1,0,1,0,0,0,0,0,0,0,0,0,-1.35772111420734,Arizona
-1.35772111420734,2008,1,1,0,1,0,0,0,0,0,0,0,0,0,-1.35772111420734,Arizona
-1.35772111420734,2009,1,1,0,1,0,0,0,0,0,0,0,0,0,-1.35772111420734,Arizona
-1.35772111420734,2010,1,1,0,1,0,0,0,0,0,0,0,0,0,-1.35772111420734,Arizona
-1.35772111420734,2011,1,1,0,1,0,0,0,0,0,0,0,0,0,-1.35772111420734,Arizona
-1.35772111420734,2012,1,1,0,1,0,0,0,0,0,0,0,0,0,-1.35772111420734,Arizona
-1.35772111420734,2013,1,1,0,1,0,0,0,0,0,0,0,0,0,-1.35772111420734,Arizona
0.6017933104444,2014,1,0,0,1,0,0,0,0,0,0,0,0,1,0.6017933104444,Arizona
0.6017933104444,2015,1,0,0,1,0,0,0,0,0,0,0,0,1,0.6017933104444,Arizona
0.6017933104444,2016,1,0,0,1,0,0,0,0,0,0,0,0,1,0.6017933104444,Arizona
0.6017933104444,2017,1,0,0,1,0,0,0,0,0,0,0,0,1,0.6017933104444,Arizona
0.6017933104444,2018,1,0,0,1,0,0,0,0,0,0,0,0,1,0.6017933104444,Arizona
0.6017933104444,2019,1,0,0,1,0,0,0,0,0,0,0,0,1,0.6017933104444,Arizona
0.797906405303564,2020,1,0,0,1,0,0,0,1,0,0,0,0,1,0.797906405303564,Arizona
0.797906405303564,2021,1,0,0,1,0,0,0,1,0,0,0,0,1,0.797906405303564,Arizona
1.00516821559846,2022,1,0,0,1,0,1,0,1,0,0,0,0,1,1.00516821559846,Arizona
1.00516821559846,2023,1,0,0,1,0,1,0,1,0,0,0,0,1,1.00516821559846,Arizona
-0.942586078242309,2000,0,1,0,0,0,0,0,0,0,0,0,0,0,-0.942586078242309,Arkansas
-0.915896315286939,2001,0,1,0,1,0,0,0,0,0,0,0,0,0,-0.915896315286939,Arkansas
-0.915896315286939,2002,0,1,0,1,0,0,0,0,0,0,0,0,0,-0.915896315286939,Arkansas
-0.915896315286939,2003,0,1,0,1,0,0,0,0,0,0,0,0,0,-0.915896315286939,Arkansas
-0.915896315286939,2004,0,1,0,1,0,0,0,0,0,0,0,0,0,-0.915896315286939,Arkansas
-0.915896315286939,2005,0,1,0,1,0,0,0,0,0,0,0,0,0,-0.915896315286939,Arkansas
-0.915896315286939,2006,0,1,0,1,0,0,0,0,0,0,0,0,0,-0.915896315286939,Arkansas
-0.915896315286939,2007,0,1,0,1,0,0,0,0,0,0,0,0,0,-0.915896315286939,Arkansas
-0.915896315286939,2008,0,1,0,1,0,0,0,0,0,0,0,0,0,-0.915896315286939,Arkansas
-0.915896315286939,2009,0,1,0,1,0,0,0,0,0,0,0,0,0,-0.915896315286939,Arkansas
-0.915896315286939,2010,0,1,0,1,0,0,0,0,0,0,0,0,0,-0.915896315286939,Arkansas
-0.915896315286939,2011,0,1,0,1,0,0,0,0,0,0,0,0,0,-0.915896315286939,Arkansas
-0.915896315286939,2012,0,1,0,1,0,0,0,0,0,0,0,0,0,-0.915896315286939,Arkansas
-0.915896315286939,2013,0,1,0,1,0,0,0,0,0,0,0,0,0,-0.915896315286939,Arkansas
-0.915896315286939,2014,0,1,0,1,0,0,0,0,0,0,0,0,0,-0.915896315286939,Arkansas
0.658345353941636,2015,0,0,0,1,0,0,0,0,1,0,0,0,1,0.658345353941636,Arkansas
0.658345353941636,2016,0,0,0,1,0,0,0,0,1,0,0,0,1,0.658345353941636,Arkansas
0.658345353941636,2017,0,0,0,1,0,0,0,0,1,0,0,0,1,0.658345353941636,Arkansas
0.658345353941636,2018,0,0,0,1,0,0,0,0,1,0,0,0,1,0.658345353941636,Arkansas
0.658345353941636,2019,0,0,0,1,0,0,0,0,1,0,0,0,1,0.658345353941636,Arkansas
0.658345353941636,2020,0,0,0,1,0,0,0,0,1,0,0,0,1,0.658345353941636,Arkansas
0.838826882252075,2021,0,0,1,1,0,1,0,0,1,0,0,0,1,0.838826882252075,Arkansas
0.838826882252075,2022,0,0,1,1,0,1,0,0,1,0,0,0,1,0.838826882252075,Arkansas
0.83739868999912,2023,1,0,1,1,-1,1,0,0,1,0,0,0,1,0.83739868999912,Arkansas
-0.701532553793498,2000,0,1,0,1,0,0,0,1,0,0,0,0,0,-0.701532553793498,California
-0.701532553793498,2001,0,1,0,1,0,0,0,1,0,0,0,0,0,-0.701532553793498,California
-0.701532553793498,2002,0,1,0,1,0,0,0,1,0,0,0,0,0,-0.701532553793498,California
-0.701532553793498,2003,0,1,0,1,0,0,0,1,0,0,0,0,0,-0.701532553793498,California
-0.701532553793498,2004,0,1,0,1,0,0,0,1,0,0,0,0,0,-0.701532553793498,California
-0.701532553793498,2005,0,1,0,1,0,0,0,1,0,0,0,0,0,-0.701532553793498,California
-0.695198838215391,2006,0,1,0,1,0,0,1,1,0,0,0,0,0,-0.695198838215391,California
-0.695198838215391,2007,0,1,0,1,0,0,1,1,0,0,0,0,0,-0.695198838215391,California
-0.695198838215391,2008,0,1,0,1,0,0,1,1,0,0,0,0,0,-0.695198838215391,California
-0.695198838215391,2009,0,1,0,1,0,0,1,1,0,0,0,0,0,-0.695198838215391,California
-0.695198838215391,2010,0,1,0,1,0,0,1,1,0,0,0,0,0,-0.695198838215391,California
-0.695198838215391,2011,0,1,0,1,0,0,1,1,0,0,0,0,0,-0.695198838215391,California
-0.695198838215391,2012,0,1,0,1,0,0,1,1,0,0,0,0,0,-0.695198838215391,California
0.806717264178101,2013,0,0,0,1,0,0,1,1,0,0,0,0,1,0.806717264178101,California
1.66802169745089,2014,0,0,0,1,0,0,1,1,0,1,0,0,1,1.66802169745089,California
1.66802169745089,2015,0,0,0,1,0,0,1,1,0,1,0,0,1,1.66802169745089,California
1.66802169745089,2016,0,0,0,1,0,0,1,1,0,1,0,0,1,1.66802169745089,California
1.66802169745089,2017,0,0,0,1,0,0,1,1,0,1,0,0,1,1.66802169745089,California
1.66802169745089,2018,0,0,0,1,0,0,1,1,0,1,0,0,1,1.66802169745089,California
1.66802169745089,2019,0,0,0,1,0,0,1,1,0,1,0,0,1,1.66802169745089,California
1.66802169745089,2020,0,0,0,1,0,0,1,1,0,1,0,0,1,1.66802169745089,California
1.66802169745089,2021,0,0,0,1,0,0,1,1,0,1,0,0,1,1.66802169745089,California
1.66802169745089,2022,0,0,0,1,0,0,1,1,0,1,0,0,1,1.66802169745089,California
1.66802169745089,2023,0,0,0,1,0,0,1,1,0,1,0,0,1,1.66802169745089,California
-0.907933022437287,2000,0,1,0,1,0,0,1,0,0,0,0,0,0,-0.907933022437287,Colorado
-0.907933022437287,2001,0,1,0,1,0,0,1,0,0,0,0,0,0,-0.907933022437287,Colorado
-0.907933022437287,2002,0,1,0,1,0,0,1,0,0,0,0,0,0,-0.907933022437287,Colorado
-0.907933022437287,2003,0,1,0,1,0,0,1,0,0,0,0,0,0,-0.907933022437287,Colorado
-0.907933022437287,2004,0,1,0,1,0,0,1,0,0,0,0,0,0,-0.907933022437287,Colorado
-0.907933022437287,2005,0,1,0,1,0,0,1,0,0,0,0,0,0,-0.907933022437287,Colorado
-0.907933022437287,2006,0,1,0,1,0,0,1,0,0,0,0,0,0,-0.907933022437287,Colorado
-0.695198838215391,2007,0,1,0,1,0,0,1,1,0,0,0,0,0,-0.695198838215391,Colorado
-0.695198838215391,2008,0,1,0,1,0,0,1,1,0,0,0,0,0,-0.695198838215391,Colorado
-0.695198838215391,2009,0,1,0,1,0,0,1,1,0,0,0,0,0,-0.695198838215391,Colorado
-0.695198838215391,2010,0,1,0,1,0,0,1,1,0,0,0,0,0,-0.695198838215391,Colorado
-0.695198838215391,2011,0,1,0,1,0,0,1,1,0,0,0,0,0,-0.695198838215391,Colorado
-0.695198838215391,2012,0,1,0,1,0,0,1,1,0,0,0,0,0,-0.695198838215391,Colorado
-0.695198838215391,2013,0,1,0,1,0,0,1,1,0,0,0,0,0,-0.695198838215391,Colorado
0.806717264178101,2014,0,0,0,1,0,0,1,1,0,0,0,0,1,0.806717264178101,Colorado
0.806717264178101,2015,0,0,0,1,0,0,1,1,0,0,0,0,1,0.806717264178101,Colorado
0.806717264178101,2016,0,0,0,1,0,0,1,1,0,0,0,0,1,0.806717264178101,Colorado
0.806717264178101,2017,0,0,0,1,0,0,1,1,0,0,0,0,1,0.806717264178101,Colorado
0.806717264178101,2018,0,0,0,1,0,0,1,1,0,0,0,0,1,0.806717264178101,Colorado
1.66802169745089,2019,0,0,0,1,0,0,1,1,0,1,0,0,1,1.66802169745089,Colorado
1.66802169745089,2020,0,0,0,1,0,0,1,1,0,1,0,0,1,1.66802169745089,Colorado
1.66802169745089,2021,0,0,0,1,0,0,1,1,0,1,0,0,1,1.66802169745089,Colorado
1.66802169745089,2022,0,0,0,1,0,0,1,1,0,1,0,0,1,1.66802169745089,Colorado
1.66802169745089,2023,0,0,0,1,0,0,1,1,0,1,0,0,1,1.66802169745089,Colorado
-0.0137342829101011,2000,0,0,0,1,0,0,0,1,0,0,0,0,0,-0.0137342829101011,Connecticut
-0.0137342829101011,2001,0,0,0,1,0,0,0,1,0,0,0,0,0,-0.0137342829101011,Connecticut
-0.0137342829101011,2002,0,0,0,1,0,0,0,1,0,0,0,0,0,-0.0137342829101011,Connecticut
-0.0137342829101011,2003,0,0,0,1,0,0,0,1,0,0,0,0,0,-0.0137342829101011,Connecticut
-0.0137342829101011,2004,0,0,0,1,0,0,0,1,0,0,0,0,0,-0.0137342829101011,Connecticut
-0.0137342829101011,2005,0,0,0,1,0,0,0,1,0,0,0,0,0,-0.0137342829101011,Connecticut
-0.0137342829101011,2006,0,0,0,1,0,0,0,1,0,0,0,0,0,-0.0137342829101011,Connecticut
-0.0137342829101011,2007,0,0,0,1,0,0,0,1,0,0,0,0,0,-0.0137342829101011,Connecticut
0.799406022669662,2008,0,0,0,1,0,0,0,1,0,0,0,0,1,0.799406022669662,Connecticut
0.799406022669662,2009,0,0,0,1,0,0,0,1,0,0,0,0,1,0.799406022669662,Connecticut
0.799406022669662,2010,0,0,0,1,0,0,0,1,0,0,0,0,1,0.799406022669662,Connecticut
0.799406022669662,2011,0,0,0,1,0,0,0,1,0,0,0,0,1,0.799406022669662,Connecticut
0.799406022669662,2012,0,0,0,1,0,0,0,1,0,0,0,0,1,0.799406022669662,Connecticut
0.799406022669662,2013,0,0,0,1,0,0,0,1,0,0,0,0,1,0.799406022669662,Connecticut
0.799406022669662,2014,0,0,0,1,0,0,0,1,0,0,0,0,1,0.799406022669662,Connecticut
1.65632207869618,2015,0,0,0,1,0,0,0,1,0,1,0,0,1,1.65632207869618,Connecticut
1.65632207869618,2016,0,0,0,1,0,0,0,1,0,1,0,0,1,1.65632207869618,Connecticut
1.65632207869618,2017,0,0,0,1,0,0,0,1,0,1,0,0,1,1.65632207869618,Connecticut
1.65632207869618,2018,0,0,0,1,0,0,0,1,0,1,0,0,1,1.65632207869618,Connecticut
1.65632207869618,2019,0,0,0,1,0,0,0,1,0,1,0,0,1,1.65632207869618,Connecticut
1.65632207869618,2020,0,0,0,1,0,0,0,1,0,1,0,0,1,1.65632207869618,Connecticut
1.65632207869618,2021,0,0,0,1,0,0,0,1,0,1,0,0,1,1.65632207869618,Connecticut
1.65632207869618,2022,0,0,0,1,0,0,0,1,0,1,0,0,1,1.65632207869618,Connecticut
1.65632207869618,2023,0,0,0,1,0,0,0,1,0,1,0,0,1,1.65632207869618,Connecticut
-0.0999973473461295,2000,0,0,0,1,0,0,0,0,0,0,0,0,0,-0.0999973473461295,Delaware
-0.0999973473461295,2001,0,0,0,1,0,0,0,0,0,0,0,0,0,-0.0999973473461295,Delaware
-0.0999973473461295,2002,0,0,0,1,0,0,0,0,0,0,0,0,0,-0.0999973473461295,Delaware
-0.0999973473461295,2003,0,0,0,1,0,0,0,0,0,0,0,0,0,-0.0999973473461295,Delaware
-0.0999973473461295,2004,0,0,0,1,0,0,0,0,0,0,0,0,0,-0.0999973473461295,Delaware
-0.0999973473461295,2005,0,0,0,1,0,0,0,0,0,0,0,0,0,-0.0999973473461295,Delaware
-0.0999973473461295,2006,0,0,0,1,0,0,0,0,0,0,0,0,0,-0.0999973473461295,Delaware
-0.0999973473461295,2007,0,0,0,1,0,0,0,0,0,0,0,0,0,-0.0999973473461295,Delaware
-0.0999973473461295,2008,0,0,0,1,0,0,0,0,0,0,0,0,0,-0.0999973473461295,Delaware
-0.0137342829101011,2009,0,0,0,1,0,0,0,1,0,0,0,0,0,-0.0137342829101011,Delaware
-0.0137342829101011,2010,0,0,0,1,0,0,0,1,0,0,0,0,0,-0.0137342829101011,Delaware
-0.0137342829101011,2011,0,0,0,1,0,0,0,1,0,0,0,0,0,-0.0137342829101011,Delaware
-0.0137342829101011,2012,0,0,0,1,0,0,0,1,0,0,0,0,0,-0.0137342829101011,Delaware
0.799406022669662,2013,0,0,0,1,0,0,0,1,0,0,0,0,1,0.799406022669662,Delaware
0.799406022669662,2014,0,0,0,1,0,0,0,1,0,0,0,0,1,0.799406022669662,Delaware
0.799406022669662,2015,0,0,0,1,0,0,0,1,0,0,0,0,1,0.799406022669662,Delaware
0.799406022669662,2016,0,0,0,1,0,0,0,1,0,0,0,0,1,0.799406022669662,Delaware
0.959972579312782,2017,0,0,0,1,0,0,0,1,0,0,1,0,1,0.959972579312782,Delaware
0.959972579312782,2018,0,0,0,1,0,0,0,1,0,0,1,0,1,0.959972579312782,Delaware
0.959972579312782,2019,0,0,0,1,0,0,0,1,0,0,1,0,1,0.959972579312782,Delaware
0.959972579312782,2020,0,0,0,1,0,0,0,1,0,0,1,0,1,0.959972579312782,Delaware
0.959972579312782,2021,0,0,0,1,0,0,0,1,0,0,1,0,1,0.959972579312782,Delaware
0.959972579312782,2022,0,0,0,1,0,0,0,1,0,0,1,0,1,0.959972579312782,Delaware
0.959972579312782,2023,0,0,0,1,0,0,0,1,0,0,1,0,1,0.959972579312782,Delaware
-0.942586078242309,2000,0,1,0,0,0,0,0,0,0,0,0,0,0,-0.942586078242309,Florida
-0.942586078242309,2001,0,1,0,0,0,0,0,0,0,0,0,0,0,-0.942586078242309,Florida
-0.942586078242309,2002,0,1,0,0,0,0,0,0,0,0,0,0,0,-0.942586078242309,Florida
-0.915896315286939,2003,0,1,0,1,0,0,0,0,0,0,0,0,0,-0.915896315286939,Florida
-0.915896315286939,2004,0,1,0,1,0,0,0,0,0,0,0,0,0,-0.915896315286939,Florida
-0.915896315286939,2005,0,1,0,1,0,0,0,0,0,0,0,0,0,-0.915896315286939,Florida
-0.915896315286939,2006,0,1,0,1,0,0,0,0,0,0,0,0,0,-0.915896315286939,Florida
-0.915896315286939,2007,0,1,0,1,0,0,0,0,0,0,0,0,0,-0.915896315286939,Florida
-0.915896315286939,2008,0,1,0,1,0,0,0,0,0,0,0,0,0,-0.915896315286939,Florida
-0.915896315286939,2009,0,1,0,1,0,0,0,0,0,0,0,0,0,-0.915896315286939,Florida
-0.915896315286939,2010,0,1,0,1,0,0,0,0,0,0,0,0,0,-0.915896315286939,Florida
-0.915896315286939,2011,0,1,0,1,0,0,0,0,0,0,0,0,0,-0.915896315286939,Florida
-0.915896315286939,2012,0,1,0,1,0,0,0,0,0,0,0,0,0,-0.915896315286939,Florida
-0.915896315286939,2013,0,1,0,1,0,0,0,0,0,0,0,0,0,-0.915896315286939,Florida
-0.915896315286939,2014,0,1,0,1,0,0,0,0,0,0,0,0,0,-0.915896315286939,Florida
0.603696048787701,2015,0,0,0,1,0,0,0,0,0,0,0,0,1,0.603696048787701,Florida
0.603696048787701,2016,0,0,0,1,0,0,0,0,0,0,0,0,1,0.603696048787701,Florida
0.603696048787701,2017,0,0,0,1,0,0,0,0,0,0,0,0,1,0.603696048787701,Florida
0.734108500895439,2018,0,0,0,1,0,0,0,0,0,0,1,0,1,0.734108500895439,Florida
0.734108500895439,2019,0,0,0,1,0,0,0,0,0,0,1,0,1,0.734108500895439,Florida
0.734108500895439,2020,0,0,0,1,0,0,0,0,0,0,1,0,1,0.734108500895439,Florida
0.734108500895439,2021,0,0,0,1,0,0,0,0,0,0,1,0,1,0.734108500895439,Florida
0.732480802099438,2022,1,0,0,1,0,0,0,0,0,0,1,0,1,0.732480802099438,Florida
1.00368728485443,2023,1,0,0,1,-1,1,0,0,1,0,1,0,1,1.00368728485443,Florida
-0.0999973473461295,2000,0,0,0,1,0,0,0,0,0,0,0,0,0,-0.0999973473461295,Georgia
-0.0999973473461295,2001,0,0,0,1,0,0,0,0,0,0,0,0,0,-0.0999973473461295,Georgia
-0.0999973473461295,2002,0,0,0,1,0,0,0,0,0,0,0,0,0,-0.0999973473461295,Georgia
-0.0999973473461295,2003,0,0,0,1,0,0,0,0,0,0,0,0,0,-0.0999973473461295,Georgia
-0.915896315286939,2004,0,1,0,1,0,0,0,0,0,0,0,0,0,-0.915896315286939,Georgia
-0.907933022437287,2005,0,1,0,1,0,0,1,0,0,0,0,0,0,-0.907933022437287,Georgia
-0.907933022437287,2006,0,1,0,1,0,0,1,0,0,0,0,0,0,-0.907933022437287,Georgia
-0.907933022437287,2007,0,1,0,1,0,0,1,0,0,0,0,0,0,-0.907933022437287,Georgia
-0.907933022437287,2008,0,1,0,1,0,0,1,0,0,0,0,0,0,-0.907933022437287,Georgia
-0.907933022437287,2009,0,1,0,1,0,0,1,0,0,0,0,0,0,-0.907933022437287,Georgia
-0.907933022437287,2010,0,1,0,1,0,0,1,0,0,0,0,0,0,-0.907933022437287,Georgia
-0.907933022437287,2011,0,1,0,1,0,0,1,0,0,0,0,0,0,-0.907933022437287,Georgia
-0.907933022437287,2012,0,1,0,1,0,0,1,0,0,0,0,0,0,-0.907933022437287,Georgia
-0.907933022437287,2013,0,1,0,1,0,0,1,0,0,0,0,0,0,-0.907933022437287,Georgia
-0.907933022437287,2014,0,1,0,1,0,0,1,0,0,0,0,0,0,-0.907933022437287,Georgia
0.609549427442699,2015,0,0,0,1,0,0,1,0,0,0,0,0,1,0.609549427442699,Georgia
0.609549427442699,2016,0,0,0,1,0,0,1,0,0,0,0,0,1,0.609549427442699,Georgia
0.609549427442699,2017,0,0,0,1,0,0,1,0,0,0,0,0,1,0.609549427442699,Georgia
0.609549427442699,2018,0,0,0,1,0,0,1,0,0,0,0,0,1,0.609549427442699,Georgia
0.609549427442699,2019,0,0,0,1,0,0,1,0,0,0,0,0,1,0.609549427442699,Georgia
0.609549427442699,2020,0,0,0,1,0,0,1,0,0,0,0,0,1,0.609549427442699,Georgia
0.609549427442699,2021,0,0,0,1,0,0,1,0,0,0,0,0,1,0.609549427442699,Georgia
0.609549427442699,2022,0,0,0,1,0,0,1,0,0,0,0,0,1,0.609549427442699,Georgia
0.779599790049,2023,0,0,0,1,0,1,1,0,0,0,0,0,1,0.779599790049,Georgia
-0.701532553793498,2000,0,1,0,1,0,0,0,1,0,0,0,0,0,-0.701532553793498,Hawaii
-0.701532553793498,2001,0,1,0,1,0,0,0,1,0,0,0,0,0,-0.701532553793498,Hawaii
-0.701532553793498,2002,0,1,0,1,0,0,0,1,0,0,0,0,0,-0.701532553793498,Hawaii
-0.701532553793498,2003,0,1,0,1,0,0,0,1,0,0,0,0,0,-0.701532553793498,Hawaii
-0.701532553793498,2004,0,1,0,1,0,0,0,1,0,0,0,0,0,-0.701532553793498,Hawaii
-0.701532553793498,2005,0,1,0,1,0,0,0,1,0,0,0,0,0,-0.701532553793498,Hawaii
-0.701532553793498,2006,0,1,0,1,0,0,0,1,0,0,0,0,0,-0.701532553793498,Hawaii
-0.701532553793498,2007,0,1,0,1,0,0,0,1,0,0,0,0,0,-0.701532553793498,Hawaii
-0.701532553793498,2008,0,1,0,1,0,0,0,1,0,0,0,0,0,-0.701532553793498,Hawaii
-0.701532553793498,2009,0,1,0,1,0,0,0,1,0,0,0,0,0,-0.701532553793498,Hawaii
-0.701532553793498,2010,0,1,0,1,0,0,0,1,0,0,0,0,0,-0.701532553793498,Hawaii
-0.701532553793498,2011,0,1,0,1,0,0,0,1,0,0,0,0,0,-0.701532553793498,Hawaii
-0.701532553793498,2012,0,1,0,1,0,0,0,1,0,0,0,0,0,-0.701532553793498,Hawaii
0.799406022669662,2013,0,0,0,1,0,0,0,1,0,0,0,0,1,0.799406022669662,Hawaii
0.799406022669662,2014,0,0,0,1,0,0,0,1,0,0,0,0,1,0.799406022669662,Hawaii
0.959972579312782,2015,0,0,0,1,0,0,0,1,0,0,1,0,1,0.959972579312782,Hawaii
0.959972579312782,2016,0,0,0,1,0,0,0,1,0,0,1,0,1,0.959972579312782,Hawaii
0.959972579312782,2017,0,0,0,1,0,0,0,1,0,0,1,0,1,0.959972579312782,Hawaii
0.959972579312782,2018,0,0,0,1,0,0,0,1,0,0,1,0,1,0.959972579312782,Hawaii
0.959972579312782,2019,0,0,0,1,0,0,0,1,0,0,1,0,1,0.959972579312782,Hawaii
0.959972579312782,2020,0,0,0,1,0,0,0,1,0,0,1,0,1,0.959972579312782,Hawaii
0.959972579312782,2021,0,0,0,1,0,0,0,1,0,0,1,0,1,0.959972579312782,Hawaii
0.959972579312782,2022,0,0,0,1,0,0,0,1,0,0,1,0,1,0.959972579312782,Hawaii
0.959972579312782,2023,0,0,0,1,0,0,0,1,0,0,1,0,1,0.959972579312782,Hawaii
-0.942586078242309,2000,0,1,0,0,0,0,0,0,0,0,0,0,0,-0.942586078242309,Idaho
-0.942586078242309,2001,0,1,0,0,0,0,0,0,0,0,0,0,0,-0.942586078242309,Idaho
-0.942586078242309,2002,0,1,0,0,0,0,0,0,0,0,0,0,0,-0.942586078242309,Idaho
-0.915896315286939,2003,0,1,0,1,0,0,0,0,0,0,0,0,0,-0.915896315286939,Idaho
-0.915896315286939,2004,0,1,0,1,0,0,0,0,0,0,0,0,0,-0.915896315286939,Idaho
-0.915896315286939,2005,0,1,0,1,0,0,0,0,0,0,0,0,0,-0.915896315286939,Idaho
-0.915896315286939,2006,0,1,0,1,0,0,0,0,0,0,0,0,0,-0.915896315286939,Idaho
-0.915896315286939,2007,0,1,0,1,0,0,0,0,0,0,0,0,0,-0.915896315286939,Idaho
-0.915896315286939,2008,0,1,0,1,0,0,0,0,0,0,0,0,0,-0.915896315286939,Idaho
-0.915896315286939,2009,0,1,0,1,0,0,0,0,0,0,0,0,0,-0.915896315286939,Idaho
-0.915896315286939,2010,0,1,0,1,0,0,0,0,0,0,0,0,0,-0.915896315286939,Idaho
-0.915896315286939,2011,0,1,0,1,0,0,0,0,0,0,0,0,0,-0.915896315286939,Idaho
-0.915896315286939,2012,0,1,0,1,0,0,0,0,0,0,0,0,0,-0.915896315286939,Idaho
-0.915896315286939,2013,0,1,0,1,0,0,0,0,0,0,0,0,0,-0.915896315286939,Idaho
0.603696048787701,2014,0,0,0,1,0,0,0,0,0,0,0,0,1,0.603696048787701,Idaho
0.603696048787701,2015,0,0,0,1,0,0,0,0,0,0,0,0,1,0.603696048787701,Idaho
0.603696048787701,2016,0,0,0,1,0,0,0,0,0,0,0,0,1,0.603696048787701,Idaho
0.603696048787701,2017,0,0,0,1,0,0,0,0,0,0,0,0,1,0.603696048787701,Idaho
0.603696048787701,2018,0,0,0,1,0,0,0,0,0,0,0,0,1,0.603696048787701,Idaho
0.603696048787701,2019,0,0,0,1,0,0,0,0,0,0,0,0,1,0.603696048787701,Idaho
0.734108500895439,2020,0,0,0,1,0,0,0,0,0,0,1,0,1,0.734108500895439,Idaho
0.734108500895439,2021,0,0,0,1,0,0,0,0,0,0,1,0,1,0.734108500895439,Idaho
0.734108500895439,2022,0,0,0,1,0,0,0,0,0,0,1,0,1,0.734108500895439,Idaho
0.929483549588315,2023,0,0,0,1,-1,1,0,0,0,0,1,0,1,0.929483549588315,Idaho
-0.915896315286939,2000,0,1,0,1,0,0,0,0,0,0,0,0,0,-0.915896315286939,Illinois
-0.915896315286939,2001,0,1,0,1,0,0,0,0,0,0,0,0,0,-0.915896315286939,Illinois
-0.915896315286939,2002,0,1,0,1,0,0,0,0,0,0,0,0,0,-0.915896315286939,Illinois
-0.915896315286939,2003,0,1,0,1,0,0,0,0,0,0,0,0,0,-0.915896315286939,Illinois
-0.915896315286939,2004,0,1,0,1,0,0,0,0,0,0,0,0,0,-0.915896315286939,Illinois
-0.701532553793498,2005,0,1,0,1,0,0,0,1,0,0,0,0,0,-0.701532553793498,Illinois
-0.701532553793498,2006,0,1,0,1,0,0,0,1,0,0,0,0,0,-0.701532553793498,Illinois
-0.701532553793498,2007,0,1,0,1,0,0,0,1,0,0,0,0,0,-0.701532553793498,Illinois
-0.701532553793498,2008,0,1,0,1,0,0,0,1,0,0,0,0,0,-0.701532553793498,Illinois
-0.701532553793498,2009,0,1,0,1,0,0,0,1,0,0,0,0,0,-0.701532553793498,Illinois
-0.701532553793498,2010,0,1,0,1,0,0,0,1,0,0,0,0,0,-0.701532553793498,Illinois
-0.701532553793498,2011,0,1,0,1,0,0,0,1,0,0,0,0,0,-0.701532553793498,Illinois
-0.701532553793498,2012,0,1,0,1,0,0,0,1,0,0,0,0,0,-0.701532553793498,Illinois
0.799406022669662,2013,0,0,0,1,0,0,0,1,0,0,0,0,1,0.799406022669662,Illinois
0.799406022669662,2014,0,0,0,1,0,0,0,1,0,0,0,0,1,0.799406022669662,Illinois
0.799406022669662,2015,0,0,0,1,0,0,0,1,0,0,0,0,1,0.799406022669662,Illinois
0.799406022669662,2016,0,0,0,1,0,0,0,1,0,0,0,0,1,0.799406022669662,Illinois
0.799406022669662,2017,0,0,0,1,0,0,0,1,0,0,0,0,1,0.799406022669662,Illinois
0.799406022669662,2018,0,0,0,1,0,0,0,1,0,0,0,0,1,0.799406022669662,Illinois
0.799406022669662,2019,0,0,0,1,0,0,0,1,0,0,0,0,1,0.799406022669662,Illinois
1.65632207869618,2020,0,0,0,1,0,0,0,1,0,1,0,0,1,1.65632207869618,Illinois
1.65632207869618,2021,0,0,0,1,0,0,0,1,0,1,0,0,1,1.65632207869618,Illinois
1.65632207869618,2022,0,0,0,1,0,0,0,1,0,1,0,0,1,1.65632207869618,Illinois
1.65632207869618,2023,0,0,0,1,0,0,0,1,0,1,0,0,1,1.65632207869618,Illinois
-0.915896315286939,2000,0,1,0,1,0,0,0,0,0,0,0,0,0,-0.915896315286939,Indiana
-0.915896315286939,2001,0,1,0,1,0,0,0,0,0,0,0,0,0,-0.915896315286939,Indiana
-0.915896315286939,2002,0,1,0,1,0,0,0,0,0,0,0,0,0,-0.915896315286939,Indiana
-0.915896315286939,2003,0,1,0,1,0,0,0,0,0,0,0,0,0,-0.915896315286939,Indiana
-0.915896315286939,2004,0,1,0,1,0,0,0,0,0,0,0,0,0,-0.915896315286939,Indiana
-0.915896315286939,2005,0,1,0,1,0,0,0,0,0,0,0,0,0,-0.915896315286939,Indiana
-0.915896315286939,2006,0,1,0,1,0,0,0,0,0,0,0,0,0,-0.915896315286939,Indiana
-0.915896315286939,2007,0,1,0,1,0,0,0,0,0,0,0,0,0,-0.915896315286939,Indiana
-0.915896315286939,2008,0,1,0,1,0,0,0,0,0,0,0,0,0,-0.915896315286939,Indiana
-0.915896315286939,2009,0,1,0,1,0,0,0,0,0,0,0,0,0,-0.915896315286939,Indiana
-0.915896315286939,2010,0,1,0,1,0,0,0,0,0,0,0,0,0,-0.915896315286939,Indiana
-0.915896315286939,2011,0,1,0,1,0,0,0,0,0,0,0,0,0,-0.915896315286939,Indiana
-0.915896315286939,2012,0,1,0,1,0,0,0,0,0,0,0,0,0,-0.915896315286939,Indiana
-0.915896315286939,2013,0,1,0,1,0,0,0,0,0,0,0,0,0,-0.915896315286939,Indiana
0.603696048787701,2014,0,0,0,1,0,0,0,0,0,0,0,0,1,0.603696048787701,Indiana
0.603696048787701,2015,0,0,0,1,0,0,0,0,0,0,0,0,1,0.603696048787701,Indiana
0.603696048787701,2016,0,0,0,1,0,0,0,0,0,0,0,0,1,0.603696048787701,Indiana
0.603696048787701,2017,0,0,0,1,0,0,0,0,0,0,0,0,1,0.603696048787701,Indiana
0.603696048787701,2018,0,0,0,1,0,0,0,0,0,0,0,0,1,0.603696048787701,Indiana
0.603696048787701,2019,0,0,0,1,0,0,0,0,0,0,0,0,1,0.603696048787701,Indiana
0.603696048787701,2020,0,0,0,1,0,0,0,0,0,0,0,0,1,0.603696048787701,Indiana
0.603696048787701,2021,0,0,0,1,0,0,0,0,0,0,0,0,1,0.603696048787701,Indiana
0.603696048787701,2022,0,0,0,1,0,0,0,0,0,0,0,0,1,0.603696048787701,Indiana
0.77091569784793,2023,1,0,0,1,0,1,0,0,0,0,0,0,1,0.77091569784793,Indiana
-0.0999973473461295,2000,0,0,0,1,0,0,0,0,0,0,0,0,0,-0.0999973473461295,Iowa
-0.0999973473461295,2001,0,0,0,1,0,0,0,0,0,0,0,0,0,-0.0999973473461295,Iowa
-0.0999973473461295,2002,0,0,0,1,0,0,0,0,0,0,0,0,0,-0.0999973473461295,Iowa
-0.0999973473461295,2003,0,0,0,1,0,0,0,0,0,0,0,0,0,-0.0999973473461295,Iowa
-0.0970801597766469,2004,0,0,0,1,0,0,1,0,0,0,0,0,0,-0.0970801597766469,Iowa
-0.0970801597766469,2005,0,0,0,1,0,0,1,0,0,0,0,0,0,-0.0970801597766469,Iowa
-0.0970801597766469,2006,0,0,0,1,0,0,1,0,0,0,0,0,0,-0.0970801597766469,Iowa
-0.0108786553503412,2007,0,0,0,1,0,0,1,1,0,0,0,0,0,-0.0108786553503412,Iowa
-0.0108786553503412,2008,0,0,0,1,0,0,1,1,0,0,0,0,0,-0.0108786553503412,Iowa
0.806717264178101,2009,0,0,0,1,0,0,1,1,0,0,0,0,1,0.806717264178101,Iowa
0.806717264178101,2010,0,0,0,1,0,0,1,1,0,0,0,0,1,0.806717264178101,Iowa
0.806717264178101,2011,0,0,0,1,0,0,1,1,0,0,0,0,1,0.806717264178101,Iowa
0.806717264178101,2012,0,0,0,1,0,0,1,1,0,0,0,0,1,0.806717264178101,Iowa
0.806717264178101,2013,0,0,0,1,0,0,1,1,0,0,0,0,1,0.806717264178101,Iowa
0.806717264178101,2014,0,0,0,1,0,0,1,1,0,0,0,0,1,0.806717264178101,Iowa
0.806717264178101,2015,0,0,0,1,0,0,1,1,0,0,0,0,1,0.806717264178101,Iowa
0.806717264178101,2016,0,0,0,1,0,0,1,1,0,0,0,0,1,0.806717264178101,Iowa
0.806717264178101,2017,0,0,0,1,0,0,1,1,0,0,0,0,1,0.806717264178101,Iowa
0.806717264178101,2018,0,0,0,1,0,0,1,1,0,0,0,0,1,0.806717264178101,Iowa
0.806717264178101,2019,0,0,0,1,0,0,1,1,0,0,0,0,1,0.806717264178101,Iowa
0.806717264178101,2020,0,0,0,1,0,0,1,1,0,0,0,0,1,0.806717264178101,Iowa
0.806717264178101,2021,0,0,0,1,0,0,1,1,0,0,0,0,1,0.806717264178101,Iowa
0.806717264178101,2022,0,0,0,1,0,0,1,1,0,0,0,0,1,0.806717264178101,Iowa
1.01371179182718,2023,1,0,0,1,-1,1,1,1,0,0,0,0,1,1.01371179182718,Iowa
-0.942586078242309,2000,0,1,0,0,0,0,0,0,0,0,0,0,0,-0.942586078242309,Kansas
-0.942586078242309,2001,0,1,0,0,0,0,0,0,0,0,0,0,0,-0.942586078242309,Kansas
-0.942586078242309,2002,0,1,0,0,0,0,0,0,0,0,0,0,0,-0.942586078242309,Kansas
-0.915896315286939,2003,0,1,0,1,0,0,0,0,0,0,0,0,0,-0.915896315286939,Kansas
-0.915896315286939,2004,0,1,0,1,0,0,0,0,0,0,0,0,0,-0.915896315286939,Kansas
-0.915896315286939,2005,0,1,0,1,0,0,0,0,0,0,0,0,0,-0.915896315286939,Kansas
-0.915896315286939,2006,0,1,0,1,0,0,0,0,0,0,0,0,0,-0.915896315286939,Kansas
-0.915896315286939,2007,0,1,0,1,0,0,0,0,0,0,0,0,0,-0.915896315286939,Kansas
-0.915896315286939,2008,0,1,0,1,0,0,0,0,0,0,0,0,0,-0.915896315286939,Kansas
-0.915896315286939,2009,0,1,0,1,0,0,0,0,0,0,0,0,0,-0.915896315286939,Kansas
-0.915896315286939,2010,0,1,0,1,0,0,0,0,0,0,0,0,0,-0.915896315286939,Kansas
-0.915896315286939,2011,0,1,0,1,0,0,0,0,0,0,0,0,0,-0.915896315286939,Kansas
-0.915896315286939,2012,0,1,0,1,0,0,0,0,0,0,0,0,0,-0.915896315286939,Kansas
-0.915896315286939,2013,0,1,0,1,0,0,0,0,0,0,0,0,0,-0.915896315286939,Kansas
-0.915896315286939,2014,0,1,0,1,0,0,0,0,0,0,0,0,0,-0.915896315286939,Kansas
0.603696048787701,2015,0,0,0,1,0,0,0,0,0,0,0,0,1,0.603696048787701,Kansas
0.603696048787701,2016,0,0,0,1,0,0,0,0,0,0,0,0,1,0.603696048787701,Kansas
0.603696048787701,2017,0,0,0,1,0,0,0,0,0,0,0,0,1,0.603696048787701,Kansas
0.603696048787701,2018,0,0,0,1,0,0,0,0,0,0,0,0,1,0.603696048787701,Kansas
0.603696048787701,2019,0,0,0,1,0,0,0,0,0,0,0,0,1,0.603696048787701,Kansas
0.799406022669662,2020,0,0,0,1,0,0,0,1,0,0,0,0,1,0.799406022669662,Kansas
0.799406022669662,2021,0,0,0,1,0,0,0,1,0,0,0,0,1,0.799406022669662,Kansas
0.799406022669662,2022,0,0,0,1,0,0,0,1,0,0,0,0,1,0.799406022669662,Kansas
0.804134550390355,2023,0,0,0,1,0,0,0,1,0,0,0,1,1,0.804134550390355,Kansas
-0.915896315286939,2000,0,1,0,1,0,0,0,0,0,0,0,0,0,-0.915896315286939,Kentucky
-0.915896315286939,2001,0,1,0,1,0,0,0,0,0,0,0,0,0,-0.915896315286939,Kentucky
-0.915896315286939,2002,0,1,0,1,0,0,0,0,0,0,0,0,0,-0.915896315286939,Kentucky
-0.915896315286939,2003,0,1,0,1,0,0,0,0,0,0,0,0,0,-0.915896315286939,Kentucky
-0.915896315286939,2004,0,1,0,1,0,0,0,0,0,0,0,0,0,-0.915896315286939,Kentucky
-0.907933022437287,2005,0,1,0,1,0,0,1,0,0,0,0,0,0,-0.907933022437287,Kentucky
-0.907933022437287,2006,0,1,0,1,0,0,1,0,0,0,0,0,0,-0.907933022437287,Kentucky
-0.907933022437287,2007,0,1,0,1,0,0,1,0,0,0,0,0,0,-0.907933022437287,Kentucky
-0.907933022437287,2008,0,1,0,1,0,0,1,0,0,0,0,0,0,-0.907933022437287,Kentucky
-0.907933022437287,2009,0,1,0,1,0,0,1,0,0,0,0,0,0,-0.907933022437287,Kentucky
-0.907933022437287,2010,0,1,0,1,0,0,1,0,0,0,0,0,0,-0.907933022437287,Kentucky
-0.907933022437287,2011,0,1,0,1,0,0,1,0,0,0,0,0,0,-0.907933022437287,Kentucky
-0.907933022437287,2012,0,1,0,1,0,0,1,0,0,0,0,0,0,-0.907933022437287,Kentucky
-0.907933022437287,2013,0,1,0,1,0,0,1,0,0,0,0,0,0,-0.907933022437287,Kentucky
-0.907933022437287,2014,0,1,0,1,0,0,1,0,0,0,0,0,0,-0.907933022437287,Kentucky
0.609549427442699,2015,0,0,0,1,0,0,1,0,0,0,0,0,1,0.609549427442699,Kentucky
0.609549427442699,2016,0,0,0,1,0,0,1,0,0,0,0,0,1,0.609549427442699,Kentucky
0.609549427442699,2017,0,0,0,1,0,0,1,0,0,0,0,0,1,0.609549427442699,Kentucky
0.609549427442699,2018,0,0,0,1,0,0,1,0,0,0,0,0,1,0.609549427442699,Kentucky
0.609549427442699,2019,0,0,0,1,0,0,1,0,0,0,0,0,1,0.609549427442699,Kentucky
0.609549427442699,2020,0,0,0,1,0,0,1,0,0,0,0,0,1,0.609549427442699,Kentucky
0.806717264178101,2021,0,0,0,1,0,0,1,1,0,0,0,0,1,0.806717264178101,Kentucky
0.806717264178101,2022,0,0,0,1,0,0,1,1,0,0,0,0,1,0.806717264178101,Kentucky
1.01371179182718,2023,1,0,0,1,-1,1,1,1,0,0,0,0,1,1.01371179182718,Kentucky
-1.37936774632505,2000,1,1,0,0,0,0,0,0,0,0,0,0,0,-1.37936774632505,Louisiana
-1.37936774632505,2001,1,1,0,0,0,0,0,0,0,0,0,0,0,-1.37936774632505,Louisiana
-1.37936774632505,2002,1,1,0,0,0,0,0,0,0,0,0,0,0,-1.37936774632505,Louisiana
-1.35772111420734,2003,1,1,0,1,0,0,0,0,0,0,0,0,0,-1.35772111420734,Louisiana
-1.35772111420734,2004,1,1,0,1,0,0,0,0,0,0,0,0,0,-1.35772111420734,Louisiana
-1.35772111420734,2005,1,1,0,1,0,0,0,0,0,0,0,0,0,-1.35772111420734,Louisiana
-1.34304907558123,2006,1,1,0,1,0,0,1,0,0,0,0,0,0,-1.34304907558123,Louisiana
-1.34304907558123,2007,1,1,0,1,0,0,1,0,0,0,0,0,0,-1.34304907558123,Louisiana
-1.34304907558123,2008,1,1,0,1,0,0,1,0,0,0,0,0,0,-1.34304907558123,Louisiana
-1.34304907558123,2009,1,1,0,1,0,0,1,0,0,0,0,0,0,-1.34304907558123,Louisiana
-1.34304907558123,2010,1,1,0,1,0,0,1,0,0,0,0,0,0,-1.34304907558123,Louisiana
-1.34304907558123,2011,1,1,0,1,0,0,1,0,0,0,0,0,0,-1.34304907558123,Louisiana
-1.34304907558123,2012,1,1,0,1,0,0,1,0,0,0,0,0,0,-1.34304907558123,Louisiana
-1.34304907558123,2013,1,1,0,1,0,0,1,0,0,0,0,0,0,-1.34304907558123,Louisiana
-1.34304907558123,2014,1,1,0,1,0,0,1,0,0,0,0,0,0,-1.34304907558123,Louisiana
0.607659860060382,2015,1,0,0,1,0,0,1,0,0,0,0,0,1,0.607659860060382,Louisiana
0.607659860060382,2016,1,0,0,1,0,0,1,0,0,0,0,0,1,0.607659860060382,Louisiana
0.607659860060382,2017,1,0,0,1,0,0,1,0,0,0,0,0,1,0.607659860060382,Louisiana
0.607659860060382,2018,1,0,0,1,0,0,1,0,0,0,0,0,1,0.607659860060382,Louisiana
0.607659860060382,2019,1,0,0,1,0,0,1,0,0,0,0,0,1,0.607659860060382,Louisiana
0.607659860060382,2020,1,0,0,1,0,0,1,0,0,0,0,0,1,0.607659860060382,Louisiana
0.607659860060382,2021,1,0,0,1,0,0,1,0,0,0,0,0,1,0.607659860060382,Louisiana
0.607659860060382,2022,1,0,0,1,0,0,1,0,0,0,0,0,1,0.607659860060382,Louisiana
0.778060033776002,2023,1,0,0,1,0,1,1,0,0,0,0,0,1,0.778060033776002,Louisiana
-0.915896315286939,2000,0,1,0,1,0,0,0,0,0,0,0,0,0,-0.915896315286939,Maine
-0.915896315286939,2001,0,1,0,1,0,0,0,0,0,0,0,0,0,-0.915896315286939,Maine
-0.915896315286939,2002,0,1,0,1,0,0,0,0,0,0,0,0,0,-0.915896315286939,Maine
-0.915896315286939,2003,0,1,0,1,0,0,0,0,0,0,0,0,0,-0.915896315286939,Maine
-0.915896315286939,2004,0,1,0,1,0,0,0,0,0,0,0,0,0,-0.915896315286939,Maine
-0.701532553793498,2005,0,1,0,1,0,0,0,1,0,0,0,0,0,-0.701532553793498,Maine
-0.701532553793498,2006,0,1,0,1,0,0,0,1,0,0,0,0,0,-0.701532553793498,Maine
-0.701532553793498,2007,0,1,0,1,0,0,0,1,0,0,0,0,0,-0.701532553793498,Maine
-0.701532553793498,2008,0,1,0,1,0,0,0,1,0,0,0,0,0,-0.701532553793498,Maine
-0.701532553793498,2009,0,1,0,1,0,0,0,1,0,0,0,0,0,-0.701532553793498,Maine
-0.701532553793498,2010,0,1,0,1,0,0,0,1,0,0,0,0,0,-0.701532553793498,Maine
-0.701532553793498,2011,0,1,0,1,0,0,0,1,0,0,0,0,0,-0.701532553793498,Maine
0.799406022669662,2012,0,0,0,1,0,0,0,1,0,0,0,0,1,0.799406022669662,Maine
0.799406022669662,2013,0,0,0,1,0,0,0,1,0,0,0,0,1,0.799406022669662,Maine
0.799406022669662,2014,0,0,0,1,0,0,0,1,0,0,0,0,1,0.799406022669662,Maine
0.799406022669662,2015,0,0,0,1,0,0,0,1,0,0,0,0,1,0.799406022669662,Maine
0.799406022669662,2016,0,0,0,1,0,0,0,1,0,0,0,0,1,0.799406022669662,Maine
0.799406022669662,2017,0,0,0,1,0,0,0,1,0,0,0,0,1,0.799406022669662,Maine
0.799406022669662,2018,0,0,0,1,0,0,0,1,0,0,0,0,1,0.799406022669662,Maine
0.799406022669662,2019,0,0,0,1,0,0,0,1,0,0,0,0,1,0.799406022669662,Maine
1.65632207869618,2020,0,0,0,1,0,0,0,1,0,1,0,0,1,1.65632207869618,Maine
1.65632207869618,2021,0,0,0,1,0,0,0,1,0,1,0,0,1,1.65632207869618,Maine
1.65632207869618,2022,0,0,0,1,0,0,0,1,0,1,0,0,1,1.65632207869618,Maine
1.65632207869618,2023,0,0,0,1,0,0,0,1,0,1,0,0,1,1.65632207869618,Maine
-0.915896315286939,2000,0,1,0,1,0,0,0,0,0,0,0,0,0,-0.915896315286939,Maryland
-0.701532553793498,2001,0,1,0,1,0,0,0,1,0,0,0,0,0,-0.701532553793498,Maryland
-0.701532553793498,2002,0,1,0,1,0,0,0,1,0,0,0,0,0,-0.701532553793498,Maryland
-0.701532553793498,2003,0,1,0,1,0,0,0,1,0,0,0,0,0,-0.701532553793498,Maryland
-0.701532553793498,2004,0,1,0,1,0,0,0,1,0,0,0,0,0,-0.701532553793498,Maryland
-0.701532553793498,2005,0,1,0,1,0,0,0,1,0,0,0,0,0,-0.701532553793498,Maryland
-0.580769060924973,2006,0,1,0,1,0,0,0,1,0,0,1,0,0,-0.580769060924973,Maryland
-0.580769060924973,2007,0,1,0,1,0,0,0,1,0,0,1,0,0,-0.580769060924973,Maryland
-0.580769060924973,2008,0,1,0,1,0,0,0,1,0,0,1,0,0,-0.580769060924973,Maryland
-0.580769060924973,2009,0,1,0,1,0,0,0,1,0,0,1,0,0,-0.580769060924973,Maryland
-0.580769060924973,2010,0,1,0,1,0,0,0,1,0,0,1,0,0,-0.580769060924973,Maryland
-0.580769060924973,2011,0,1,0,1,0,0,0,1,0,0,1,0,0,-0.580769060924973,Maryland
0.959972579312782,2012,0,0,0,1,0,0,0,1,0,0,1,0,1,0.959972579312782,Maryland
0.959972579312782,2013,0,0,0,1,0,0,0,1,0,0,1,0,1,0.959972579312782,Maryland
0.959972579312782,2014,0,0,0,1,0,0,0,1,0,0,1,0,1,0.959972579312782,Maryland
0.959972579312782,2015,0,0,0,1,0,0,0,1,0,0,1,0,1,0.959972579312782,Maryland
0.959972579312782,2016,0,0,0,1,0,0,0,1,0,0,1,0,1,0.959972579312782,Maryland
0.959972579312782,2017,0,0,0,1,0,0,0,1,0,0,1,0,1,0.959972579312782,Maryland
0.959972579312782,2018,0,0,0,1,0,0,0,1,0,0,1,0,1,0.959972579312782,Maryland
0.959972579312782,2019,0,0,0,1,0,0,0,1,0,0,1,0,1,0.959972579312782,Maryland
0.959972579312782,2020,0,0,0,1,0,0,0,1,0,0,1,0,1,0.959972579312782,Maryland
0.959972579312782,2021,0,0,0,1,0,0,0,1,0,0,1,0,1,0.959972579312782,Maryland
0.959972579312782,2022,0,0,0,1,0,0,0,1,0,0,1,0,1,0.959972579312782,Maryland
0.959972579312782,2023,0,0,0,1,0,0,0,1,0,0,1,0,1,0.959972579312782,Maryland
-0.0137342829101011,2000,0,0,0,1,0,0,0,1,0,0,0,0,0,-0.0137342829101011,Massachusetts
-0.0137342829101011,2001,0,0,0,1,0,0,0,1,0,0,0,0,0,-0.0137342829101011,Massachusetts
-0.0137342829101011,2002,0,0,0,1,0,0,0,1,0,0,0,0,0,-0.0137342829101011,Massachusetts
0.799406022669662,2003,0,0,0,1,0,0,0,1,0,0,0,0,1,0.799406022669662,Massachusetts
0.799406022669662,2004,0,0,0,1,0,0,0,1,0,0,0,0,1,0.799406022669662,Massachusetts
0.799406022669662,2005,0,0,0,1,0,0,0,1,0,0,0,0,1,0.799406022669662,Massachusetts
0.959972579312782,2006,0,0,0,1,0,0,0,1,0,0,1,0,1,0.959972579312782,Massachusetts
0.959972579312782,2007,0,0,0,1,0,0,0,1,0,0,1,0,1,0.959972579312782,Massachusetts
0.959972579312782,2008,0,0,0,1,0,0,0,1,0,0,1,0,1,0.959972579312782,Massachusetts
0.959972579312782,2009,0,0,0,1,0,0,0,1,0,0,1,0,1,0.959972579312782,Massachusetts
0.959972579312782,2010,0,0,0,1,0,0,0,1,0,0,1,0,1,0.959972579312782,Massachusetts
0.959972579312782,2011,0,0,0,1,0,0,0,1,0,0,1,0,1,0.959972579312782,Massachusetts
0.959972579312782,2012,0,0,0,1,0,0,0,1,0,0,1,0,1,0.959972579312782,Massachusetts
0.959972579312782,2013,0,0,0,1,0,0,0,1,0,0,1,0,1,0.959972579312782,Massachusetts
0.959972579312782,2014,0,0,0,1,0,0,0,1,0,0,1,0,1,0.959972579312782,Massachusetts
0.959972579312782,2015,0,0,0,1,0,0,0,1,0,0,1,0,1,0.959972579312782,Massachusetts
0.959972579312782,2016,0,0,0,1,0,0,0,1,0,0,1,0,1,0.959972579312782,Massachusetts
0.959972579312782,2017,0,0,0,1,0,0,0,1,0,0,1,0,1,0.959972579312782,Massachusetts
0.959972579312782,2018,0,0,0,1,0,0,0,1,0,0,1,0,1,0.959972579312782,Massachusetts
1.89993084660668,2019,0,0,0,1,0,0,0,1,0,1,1,0,1,1.89993084660668,Massachusetts
1.89993084660668,2020,0,0,0,1,0,0,0,1,0,1,1,0,1,1.89993084660668,Massachusetts
1.89993084660668,2021,0,0,0,1,0,0,0,1,0,1,1,0,1,1.89993084660668,Massachusetts
1.89993084660668,2022,0,0,0,1,0,0,0,1,0,1,1,0,1,1.89993084660668,Massachusetts
1.89993084660668,2023,0,0,0,1,0,0,0,1,0,1,1,0,1,1.89993084660668,Massachusetts
-0.942586078242309,2000,0,1,0,0,0,0,0,0,0,0,0,0,0,-0.942586078242309,Michigan
-0.942586078242309,2001,0,1,0,0,0,0,0,0,0,0,0,0,0,-0.942586078242309,Michigan
-0.942586078242309,2002,0,1,0,0,0,0,0,0,0,0,0,0,0,-0.942586078242309,Michigan
-0.915896315286939,2003,0,1,0,1,0,0,0,0,0,0,0,0,0,-0.915896315286939,Michigan
-0.915896315286939,2004,0,1,0,1,0,0,0,0,0,0,0,0,0,-0.915896315286939,Michigan
-0.915896315286939,2005,0,1,0,1,0,0,0,0,0,0,0,0,0,-0.915896315286939,Michigan
-0.915896315286939,2006,0,1,0,1,0,0,0,0,0,0,0,0,0,-0.915896315286939,Michigan
-0.915896315286939,2007,0,1,0,1,0,0,0,0,0,0,0,0,0,-0.915896315286939,Michigan
-0.915896315286939,2008,0,1,0,1,0,0,0,0,0,0,0,0,0,-0.915896315286939,Michigan
-0.915896315286939,2009,0,1,0,1,0,0,0,0,0,0,0,0,0,-0.915896315286939,Michigan
-0.915896315286939,2010,0,1,0,1,0,0,0,0,0,0,0,0,0,-0.915896315286939,Michigan
-0.915896315286939,2011,0,1,0,1,0,0,0,0,0,0,0,0,0,-0.915896315286939,Michigan
-0.915896315286939,2012,0,1,0,1,0,0,0,0,0,0,0,0,0,-0.915896315286939,Michigan
-0.915896315286939,2013,0,1,0,1,0,0,0,0,0,0,0,0,0,-0.915896315286939,Michigan
-0.915896315286939,2014,0,1,0,1,0,0,0,0,0,0,0,0,0,-0.915896315286939,Michigan
0.603696048787701,2015,0,0,0,1,0,0,0,0,0,0,0,0,1,0.603696048787701,Michigan
0.603696048787701,2016,0,0,0,1,0,0,0,0,0,0,0,0,1,0.603696048787701,Michigan
0.603696048787701,2017,0,0,0,1,0,0,0,0,0,0,0,0,1,0.603696048787701,Michigan
0.799406022669662,2018,0,0,0,1,0,0,0,1,0,0,0,0,1,0.799406022669662,Michigan
0.799406022669662,2019,0,0,0,1,0,0,0,1,0,0,0,0,1,0.799406022669662,Michigan
0.799406022669662,2020,0,0,0,1,0,0,0,1,0,0,0,0,1,0.799406022669662,Michigan
1.65632207869618,2021,0,0,0,1,0,0,0,1,0,1,0,0,1,1.65632207869618,Michigan
1.65632207869618,2022,0,0,0,1,0,0,0,1,0,1,0,0,1,1.65632207869618,Michigan
1.65632207869618,2023,0,0,0,1,0,0,0,1,0,1,0,0,1,1.65632207869618,Michigan
-0.741228799722488,2000,0,1,0,0,0,0,0,1,0,0,0,0,0,-0.741228799722488,Minnesota
-0.701532553793498,2001,0,1,0,1,0,0,0,1,0,0,0,0,0,-0.701532553793498,Minnesota
-0.701532553793498,2002,0,1,0,1,0,0,0,1,0,0,0,0,0,-0.701532553793498,Minnesota
-0.701532553793498,2003,0,1,0,1,0,0,0,1,0,0,0,0,0,-0.701532553793498,Minnesota
-0.701532553793498,2004,0,1,0,1,0,0,0,1,0,0,0,0,0,-0.701532553793498,Minnesota
-0.701532553793498,2005,0,1,0,1,0,0,0,1,0,0,0,0,0,-0.701532553793498,Minnesota
-0.580769060924973,2006,0,1,0,1,0,0,0,1,0,0,1,0,0,-0.580769060924973,Minnesota
-0.580769060924973,2007,0,1,0,1,0,0,0,1,0,0,1,0,0,-0.580769060924973,Minnesota
-0.580769060924973,2008,0,1,0,1,0,0,0,1,0,0,1,0,0,-0.580769060924973,Minnesota
-0.580769060924973,2009,0,1,0,1,0,0,0,1,0,0,1,0,0,-0.580769060924973,Minnesota
-0.580769060924973,2010,0,1,0,1,0,0,0,1,0,0,1,0,0,-0.580769060924973,Minnesota
-0.580769060924973,2011,0,1,0,1,0,0,0,1,0,0,1,0,0,-0.580769060924973,Minnesota
-0.580769060924973,2012,0,1,0,1,0,0,0,1,0,0,1,0,0,-0.580769060924973,Minnesota
0.959972579312782,2013,0,0,0,1,0,0,0,1,0,0,1,0,1,0.959972579312782,Minnesota
0.959972579312782,2014,0,0,0,1,0,0,0,1,0,0,1,0,1,0.959972579312782,Minnesota
0.959972579312782,2015,0,0,0,1,0,0,0,1,0,0,1,0,1,0.959972579312782,Minnesota
0.959972579312782,2016,0,0,0,1,0,0,0,1,0,0,1,0,1,0.959972579312782,Minnesota
0.959972579312782,2017,0,0,0,1,0,0,0,1,0,0,1,0,1,0.959972579312782,Minnesota
0.959972579312782,2018,0,0,0,1,0,0,0,1,0,0,1,0,1,0.959972579312782,Minnesota
0.959972579312782,2019,0,0,0,1,0,0,0,1,0,0,1,0,1,0.959972579312782,Minnesota
0.959972579312782,2020,0,0,0,1,0,0,0,1,0,0,1,0,1,0.959972579312782,Minnesota
0.959972579312782,2021,0,0,0,1,0,0,0,1,0,0,1,0,1,0.959972579312782,Minnesota
0.959972579312782,2022,0,0,0,1,0,0,0,1,0,0,1,0,1,0.959972579312782,Minnesota
0.959972579312782,2023,0,0,0,1,0,0,0,1,0,0,1,0,1,0.959972579312782,Minnesota
-1.37936774632505,2000,1,1,0,0,0,0,0,0,0,0,0,0,0,-1.37936774632505,Mississippi
-1.37936774632505,2001,1,1,0,0,0,0,0,0,0,0,0,0,0,-1.37936774632505,Mississippi
-1.37936774632505,2002,1,1,0,0,0,0,0,0,0,0,0,0,0,-1.37936774632505,Mississippi
-1.35772111420734,2003,1,1,0,1,0,0,0,0,0,0,0,0,0,-1.35772111420734,Mississippi
-1.35772111420734,2004,1,1,0,1,0,0,0,0,0,0,0,0,0,-1.35772111420734,Mississippi
-1.35772111420734,2005,1,1,0,1,0,0,0,0,0,0,0,0,0,-1.35772111420734,Mississippi
-1.35772111420734,2006,1,1,0,1,0,0,0,0,0,0,0,0,0,-1.35772111420734,Mississippi
-1.35772111420734,2007,1,1,0,1,0,0,0,0,0,0,0,0,0,-1.35772111420734,Mississippi
-1.35772111420734,2008,1,1,0,1,0,0,0,0,0,0,0,0,0,-1.35772111420734,Mississippi
-1.35772111420734,2009,1,1,0,1,0,0,0,0,0,0,0,0,0,-1.35772111420734,Mississippi
-1.35772111420734,2010,1,1,0,1,0,0,0,0,0,0,0,0,0,-1.35772111420734,Mississippi
-1.35772111420734,2011,1,1,0,1,0,0,0,0,0,0,0,0,0,-1.35772111420734,Mississippi
-1.35772111420734,2012,1,1,0,1,0,0,0,0,0,0,0,0,0,-1.35772111420734,Mississippi
-1.35772111420734,2013,1,1,0,1,0,0,0,0,0,0,0,0,0,-1.35772111420734,Mississippi
-1.35772111420734,2014,1,1,0,1,0,0,0,0,0,0,0,0,0,-1.35772111420734,Mississippi
0.6017933104444,2015,1,0,0,1,0,0,0,0,0,0,0,0,1,0.6017933104444,Mississippi
0.601716614599537,2016,1,0,1,1,0,0,0,0,0,0,0,0,1,0.601716614599537,Mississippi
0.601716614599537,2017,1,0,1,1,0,0,0,0,0,0,0,0,1,0.601716614599537,Mississippi
0.601716614599537,2018,1,0,1,1,0,0,0,0,0,0,0,0,1,0.601716614599537,Mississippi
0.601716614599537,2019,1,0,1,1,0,0,0,0,0,0,0,0,1,0.601716614599537,Mississippi
0.601716614599537,2020,1,0,1,1,0,0,0,0,0,0,0,0,1,0.601716614599537,Mississippi
0.601716614599537,2021,1,0,1,1,0,0,0,0,0,0,0,0,1,0.601716614599537,Mississippi
0.601716614599537,2022,1,0,1,1,0,0,0,0,0,0,0,0,1,0.601716614599537,Mississippi
0.770858839523905,2023,1,0,1,1,0,1,0,0,0,0,0,0,1,0.770858839523905,Mississippi
-0.220611797120602,2000,0,0,0,0,0,0,0,0,0,0,0,0,0,-0.220611797120602,Missouri
-0.220611797120602,2001,0,0,0,0,0,0,0,0,0,0,0,0,0,-0.220611797120602,Missouri
-0.220611797120602,2002,0,0,0,0,0,0,0,0,0,0,0,0,0,-0.220611797120602,Missouri
-0.0999973473461295,2003,0,0,0,1,0,0,0,0,0,0,0,0,0,-0.0999973473461295,Missouri
-0.915896315286939,2004,0,1,0,1,0,0,0,0,0,0,0,0,0,-0.915896315286939,Missouri
-0.915896315286939,2005,0,1,0,1,0,0,0,0,0,0,0,0,0,-0.915896315286939,Missouri
-0.839874912391449,2006,0,1,0,1,0,0,1,0,1,0,0,0,0,-0.839874912391449,Missouri
-0.839874912391449,2007,0,1,0,1,0,0,1,0,1,0,0,0,0,-0.839874912391449,Missouri
-0.839874912391449,2008,0,1,0,1,0,0,1,0,1,0,0,0,0,-0.839874912391449,Missouri
-0.839874912391449,2009,0,1,0,1,0,0,1,0,1,0,0,0,0,-0.839874912391449,Missouri
-0.839874912391449,2010,0,1,0,1,0,0,1,0,1,0,0,0,0,-0.839874912391449,Missouri
-0.839874912391449,2011,0,1,0,1,0,0,1,0,1,0,0,0,0,-0.839874912391449,Missouri
-0.839874912391449,2012,0,1,0,1,0,0,1,0,1,0,0,0,0,-0.839874912391449,Missouri
-0.839874912391449,2013,0,1,0,1,0,0,1,0,1,0,0,0,0,-0.839874912391449,Missouri
-0.839874912391449,2014,0,1,0,1,0,0,1,0,1,0,0,0,0,-0.839874912391449,Missouri
0.664628385574959,2015,0,0,0,1,0,0,1,0,1,0,0,0,1,0.664628385574959,Missouri
0.664628385574959,2016,0,0,0,1,0,0,1,0,1,0,0,0,1,0.664628385574959,Missouri
0.664628385574959,2017,0,0,0,1,0,0,1,0,1,0,0,0,1,0.664628385574959,Missouri
0.664628385574959,2018,0,0,0,1,0,0,1,0,1,0,0,0,1,0.664628385574959,Missouri
0.664628385574959,2019,0,0,0,1,0,0,1,0,1,0,0,0,1,0.664628385574959,Missouri
0.664628385574959,2020,0,0,0,1,0,0,1,0,1,0,0,0,1,0.664628385574959,Missouri
0.664628385574959,2021,0,0,0,1,0,0,1,0,1,0,0,0,1,0.664628385574959,Missouri
0.664628385574959,2022,0,0,0,1,0,0,1,0,1,0,0,0,1,0.664628385574959,Missouri
0.846462322408248,2023,0,0,0,1,0,1,1,0,1,0,0,0,1,0.846462322408248,Missouri
-0.915896315286939,2000,0,1,0,1,0,0,0,0,0,0,0,0,0,-0.915896315286939,Montana
-0.915896315286939,2001,0,1,0,1,0,0,0,0,0,0,0,0,0,-0.915896315286939,Montana
-0.915896315286939,2002,0,1,0,1,0,0,0,0,0,0,0,0,0,-0.915896315286939,Montana
-0.915896315286939,2003,0,1,0,1,0,0,0,0,0,0,0,0,0,-0.915896315286939,Montana
-0.915896315286939,2004,0,1,0,1,0,0,0,0,0,0,0,0,0,-0.915896315286939,Montana
-0.915896315286939,2005,0,1,0,1,0,0,0,0,0,0,0,0,0,-0.915896315286939,Montana
-0.915896315286939,2006,0,1,0,1,0,0,0,0,0,0,0,0,0,-0.915896315286939,Montana
-0.915896315286939,2007,0,1,0,1,0,0,0,0,0,0,0,0,0,-0.915896315286939,Montana
-0.915896315286939,2008,0,1,0,1,0,0,0,0,0,0,0,0,0,-0.915896315286939,Montana
-0.915896315286939,2009,0,1,0,1,0,0,0,0,0,0,0,0,0,-0.915896315286939,Montana
-0.915896315286939,2010,0,1,0,1,0,0,0,0,0,0,0,0,0,-0.915896315286939,Montana
-0.915896315286939,2011,0,1,0,1,0,0,0,0,0,0,0,0,0,-0.915896315286939,Montana
-0.915896315286939,2012,0,1,0,1,0,0,0,0,0,0,0,0,0,-0.915896315286939,Montana
-0.915896315286939,2013,0,1,0,1,0,0,0,0,0,0,0,0,0,-0.915896315286939,Montana
0.603696048787701,2014,0,0,0,1,0,0,0,0,0,0,0,0,1,0.603696048787701,Montana
0.603696048787701,2015,0,0,0,1,0,0,0,0,0,0,0,0,1,0.603696048787701,Montana
0.603696048787701,2016,0,0,0,1,0,0,0,0,0,0,0,0,1,0.603696048787701,Montana
0.603696048787701,2017,0,0,0,1,0,0,0,0,0,0,0,0,1,0.603696048787701,Montana
0.603696048787701,2018,0,0,0,1,0,0,0,0,0,0,0,0,1,0.603696048787701,Montana
0.603696048787701,2019,0,0,0,1,0,0,0,0,0,0,0,0,1,0.603696048787701,Montana
0.603696048787701,2020,0,0,0,1,0,0,0,0,0,0,0,0,1,0.603696048787701,Montana
0.603696048787701,2021,0,0,0,1,0,0,0,0,0,0,0,0,1,0.603696048787701,Montana
0.607204267305266,2022,0,0,0,1,0,0,0,0,0,0,0,1,1,0.607204267305266,Montana
0.777035158255915,2023,0,0,0,1,0,1,0,0,0,0,0,1,1,0.777035158255915,Montana
-0.915896315286939,2000,0,1,0,1,0,0,0,0,0,0,0,0,0,-0.915896315286939,Nebraska
-0.915896315286939,2001,0,1,0,1,0,0,0,0,0,0,0,0,0,-0.915896315286939,Nebraska
-0.915896315286939,2002,0,1,0,1,0,0,0,0,0,0,0,0,0,-0.915896315286939,Nebraska
-0.915896315286939,2003,0,1,0,1,0,0,0,0,0,0,0,0,0,-0.915896315286939,Nebraska
-0.915896315286939,2004,0,1,0,1,0,0,0,0,0,0,0,0,0,-0.915896315286939,Nebraska
-0.907933022437287,2005,0,1,0,1,0,0,1,0,0,0,0,0,0,-0.907933022437287,Nebraska
-0.907933022437287,2006,0,1,0,1,0,0,1,0,0,0,0,0,0,-0.907933022437287,Nebraska
-0.907933022437287,2007,0,1,0,1,0,0,1,0,0,0,0,0,0,-0.907933022437287,Nebraska
-0.907933022437287,2008,0,1,0,1,0,0,1,0,0,0,0,0,0,-0.907933022437287,Nebraska
-0.907933022437287,2009,0,1,0,1,0,0,1,0,0,0,0,0,0,-0.907933022437287,Nebraska
-0.907933022437287,2010,0,1,0,1,0,0,1,0,0,0,0,0,0,-0.907933022437287,Nebraska
-0.907933022437287,2011,0,1,0,1,0,0,1,0,0,0,0,0,0,-0.907933022437287,Nebraska
-0.907933022437287,2012,0,1,0,1,0,0,1,0,0,0,0,0,0,-0.907933022437287,Nebraska
-0.907933022437287,2013,0,1,0,1,0,0,1,0,0,0,0,0,0,-0.907933022437287,Nebraska
-0.907933022437287,2014,0,1,0,1,0,0,1,0,0,0,0,0,0,-0.907933022437287,Nebraska
0.609549427442699,2015,0,0,0,1,0,0,1,0,0,0,0,0,1,0.609549427442699,Nebraska
0.609549427442699,2016,0,0,0,1,0,0,1,0,0,0,0,0,1,0.609549427442699,Nebraska
0.609549427442699,2017,0,0,0,1,0,0,1,0,0,0,0,0,1,0.609549427442699,Nebraska
0.609549427442699,2018,0,0,0,1,0,0,1,0,0,0,0,0,1,0.609549427442699,Nebraska
0.609549427442699,2019,0,0,0,1,0,0,1,0,0,0,0,0,1,0.609549427442699,Nebraska
0.806717264178101,2020,0,0,0,1,0,0,1,1,0,0,0,0,1,0.806717264178101,Nebraska
0.806717264178101,2021,0,0,0,1,0,0,1,1,0,0,0,0,1,0.806717264178101,Nebraska
0.806717264178101,2022,0,0,0,1,0,0,1,1,0,0,0,0,1,0.806717264178101,Nebraska
1.01482003749475,2023,0,0,0,1,0,1,1,1,0,0,0,0,1,1.01482003749475,Nebraska
-0.0137342829101011,2000,0,0,0,1,0,0,0,1,0,0,0,0,0,-0.0137342829101011,Nevada
-0.0137342829101011,2001,0,0,0,1,0,0,0,1,0,0,0,0,0,-0.0137342829101011,Nevada
-0.701532553793498,2002,0,1,0,1,0,0,0,1,0,0,0,0,0,-0.701532553793498,Nevada
-0.701532553793498,2003,0,1,0,1,0,0,0,1,0,0,0,0,0,-0.701532553793498,Nevada
-0.701532553793498,2004,0,1,0,1,0,0,0,1,0,0,0,0,0,-0.701532553793498,Nevada
-0.701532553793498,2005,0,1,0,1,0,0,0,1,0,0,0,0,0,-0.701532553793498,Nevada
-0.67717017731083,2006,0,1,0,1,0,0,0,1,0,1,0,0,0,-0.67717017731083,Nevada
-0.67717017731083,2007,0,1,0,1,0,0,0,1,0,1,0,0,0,-0.67717017731083,Nevada
-0.67717017731083,2008,0,1,0,1,0,0,0,1,0,1,0,0,0,-0.67717017731083,Nevada
-0.67717017731083,2009,0,1,0,1,0,0,0,1,0,1,0,0,0,-0.67717017731083,Nevada
-0.67717017731083,2010,0,1,0,1,0,0,0,1,0,1,0,0,0,-0.67717017731083,Nevada
-0.67717017731083,2011,0,1,0,1,0,0,0,1,0,1,0,0,0,-0.67717017731083,Nevada
-0.67717017731083,2012,0,1,0,1,0,0,0,1,0,1,0,0,0,-0.67717017731083,Nevada
-0.67717017731083,2013,0,1,0,1,0,0,0,1,0,1,0,0,0,-0.67717017731083,Nevada
1.65632207869618,2014,0,0,0,1,0,0,0,1,0,1,0,0,1,1.65632207869618,Nevada
1.65632207869618,2015,0,0,0,1,0,0,0,1,0,1,0,0,1,1.65632207869618,Nevada
1.65632207869618,2016,0,0,0,1,0,0,0,1,0,1,0,0,1,1.65632207869618,Nevada
1.65632207869618,2017,0,0,0,1,0,0,0,1,0,1,0,0,1,1.65632207869618,Nevada
1.65632207869618,2018,0,0,0,1,0,0,0,1,0,1,0,0,1,1.65632207869618,Nevada
1.65632207869618,2019,0,0,0,1,0,0,0,1,0,1,0,0,1,1.65632207869618,Nevada
1.65632207869618,2020,0,0,0,1,0,0,0,1,0,1,0,0,1,1.65632207869618,Nevada
1.65632207869618,2021,0,0,0,1,0,0,0,1,0,1,0,0,1,1.65632207869618,Nevada
1.65632207869618,2022,0,0,0,1,0,0,0,1,0,1,0,0,1,1.65632207869618,Nevada
1.65632207869618,2023,0,0,0,1,0,0,0,1,0,1,0,0,1,1.65632207869618,Nevada
-0.701532553793498,2000,0,1,0,1,0,0,0,1,0,0,0,0,0,-0.701532553793498,New Hampshire
-0.701532553793498,2001,0,1,0,1,0,0,0,1,0,0,0,0,0,-0.701532553793498,New Hampshire
-0.701532553793498,2002,0,1,0,1,0,0,0,1,0,0,0,0,0,-0.701532553793498,New Hampshire
-0.701532553793498,2003,0,1,0,1,0,0,0,1,0,0,0,0,0,-0.701532553793498,New Hampshire
-0.701532553793498,2004,0,1,0,1,0,0,0,1,0,0,0,0,0,-0.701532553793498,New Hampshire
-0.701532553793498,2005,0,1,0,1,0,0,0,1,0,0,0,0,0,-0.701532553793498,New Hampshire
-0.701532553793498,2006,0,1,0,1,0,0,0,1,0,0,0,0,0,-0.701532553793498,New Hampshire
-0.701532553793498,2007,0,1,0,1,0,0,0,1,0,0,0,0,0,-0.701532553793498,New Hampshire
-0.701532553793498,2008,0,1,0,1,0,0,0,1,0,0,0,0,0,-0.701532553793498,New Hampshire
0.799406022669662,2009,0,0,0,1,0,0,0,1,0,0,0,0,1,0.799406022669662,New Hampshire
0.799406022669662,2010,0,0,0,1,0,0,0,1,0,0,0,0,1,0.799406022669662,New Hampshire
0.799406022669662,2011,0,0,0,1,0,0,0,1,0,0,0,0,1,0.799406022669662,New Hampshire
0.799406022669662,2012,0,0,0,1,0,0,0,1,0,0,0,0,1,0.799406022669662,New Hampshire
0.799406022669662,2013,0,0,0,1,0,0,0,1,0,0,0,0,1,0.799406022669662,New Hampshire
0.799406022669662,2014,0,0,0,1,0,0,0,1,0,0,0,0,1,0.799406022669662,New Hampshire
0.799406022669662,2015,0,0,0,1,0,0,0,1,0,0,0,0,1,0.799406022669662,New Hampshire
0.799406022669662,2016,0,0,0,1,0,0,0,1,0,0,0,0,1,0.799406022669662,New Hampshire
0.799406022669662,2017,0,0,0,1,0,0,0,1,0,0,0,0,1,0.799406022669662,New Hampshire
0.799406022669662,2018,0,0,0,1,0,0,0,1,0,0,0,0,1,0.799406022669662,New Hampshire
0.799406022669662,2019,0,0,0,1,0,0,0,1,0,0,0,0,1,0.799406022669662,New Hampshire
0.799406022669662,2020,0,0,0,1,0,0,0,1,0,0,0,0,1,0.799406022669662,New Hampshire
0.799406022669662,2021,0,0,0,1,0,0,0,1,0,0,0,0,1,0.799406022669662,New Hampshire
0.799406022669662,2022,0,0,0,1,0,0,0,1,0,0,0,0,1,0.799406022669662,New Hampshire
0.799406022669662,2023,0,0,0,1,0,0,0,1,0,0,0,0,1,0.799406022669662,New Hampshire
-0.0137342829101011,2000,0,0,0,1,0,0,0,1,0,0,0,0,0,-0.0137342829101011,New Jersey
-0.0137342829101011,2001,0,0,0,1,0,0,0,1,0,0,0,0,0,-0.0137342829101011,New Jersey
-0.0137342829101011,2002,0,0,0,1,0,0,0,1,0,0,0,0,0,-0.0137342829101011,New Jersey
-0.0137342829101011,2003,0,0,0,1,0,0,0,1,0,0,0,0,0,-0.0137342829101011,New Jersey
-0.0137342829101011,2004,0,0,0,1,0,0,0,1,0,0,0,0,0,-0.0137342829101011,New Jersey
-0.0137342829101011,2005,0,0,0,1,0,0,0,1,0,0,0,0,0,-0.0137342829101011,New Jersey
-0.0137342829101011,2006,0,0,0,1,0,0,0,1,0,0,0,0,0,-0.0137342829101011,New Jersey
-0.0137342829101011,2007,0,0,0,1,0,0,0,1,0,0,0,0,0,-0.0137342829101011,New Jersey
-0.0137342829101011,2008,0,0,0,1,0,0,0,1,0,0,0,0,0,-0.0137342829101011,New Jersey
-0.0137342829101011,2009,0,0,0,1,0,0,0,1,0,0,0,0,0,-0.0137342829101011,New Jersey
-0.0137342829101011,2010,0,0,0,1,0,0,0,1,0,0,0,0,0,-0.0137342829101011,New Jersey
-0.0137342829101011,2011,0,0,0,1,0,0,0,1,0,0,0,0,0,-0.0137342829101011,New Jersey
-0.0137342829101011,2012,0,0,0,1,0,0,0,1,0,0,0,0,0,-0.0137342829101011,New Jersey
0.799406022669662,2013,0,0,0,1,0,0,0,1,0,0,0,0,1,0.799406022669662,New Jersey
0.799406022669662,2014,0,0,0,1,0,0,0,1,0,0,0,0,1,0.799406022669662,New Jersey
0.799406022669662,2015,0,0,0,1,0,0,0,1,0,0,0,0,1,0.799406022669662,New Jersey
0.799406022669662,2016,0,0,0,1,0,0,0,1,0,0,0,0,1,0.799406022669662,New Jersey
0.799406022669662,2017,0,0,0,1,0,0,0,1,0,0,0,0,1,0.799406022669662,New Jersey
1.65632207869618,2018,0,0,0,1,0,0,0,1,0,1,0,0,1,1.65632207869618,New Jersey
1.65632207869618,2019,0,0,0,1,0,0,0,1,0,1,0,0,1,1.65632207869618,New Jersey
1.65632207869618,2020,0,0,0,1,0,0,0,1,0,1,0,0,1,1.65632207869618,New Jersey
1.65632207869618,2021,0,0,0,1,0,0,0,1,0,1,0,0,1,1.65632207869618,New Jersey
1.65632207869618,2022,0,0,0,1,0,0,0,1,0,1,0,0,1,1.65632207869618,New Jersey
1.65632207869618,2023,0,0,0,1,0,0,0,1,0,1,0,0,1,1.65632207869618,New Jersey
-0.0999973473461295,2000,0,0,0,1,0,0,0,0,0,0,0,0,0,-0.0999973473461295,New Mexico
-0.0999973473461295,2001,0,0,0,1,0,0,0,0,0,0,0,0,0,-0.0999973473461295,New Mexico
-0.0999973473461295,2002,0,0,0,1,0,0,0,0,0,0,0,0,0,-0.0999973473461295,New Mexico
-0.0137342829101011,2003,0,0,0,1,0,0,0,1,0,0,0,0,0,-0.0137342829101011,New Mexico
-0.0137342829101011,2004,0,0,0,1,0,0,0,1,0,0,0,0,0,-0.0137342829101011,New Mexico
-0.0137342829101011,2005,0,0,0,1,0,0,0,1,0,0,0,0,0,-0.0137342829101011,New Mexico
-0.0137342829101011,2006,0,0,0,1,0,0,0,1,0,0,0,0,0,-0.0137342829101011,New Mexico
-0.0137342829101011,2007,0,0,0,1,0,0,0,1,0,0,0,0,0,-0.0137342829101011,New Mexico
-0.0137342829101011,2008,0,0,0,1,0,0,0,1,0,0,0,0,0,-0.0137342829101011,New Mexico
-0.0137342829101011,2009,0,0,0,1,0,0,0,1,0,0,0,0,0,-0.0137342829101011,New Mexico
-0.0137342829101011,2010,0,0,0,1,0,0,0,1,0,0,0,0,0,-0.0137342829101011,New Mexico
-0.0137342829101011,2011,0,0,0,1,0,0,0,1,0,0,0,0,0,-0.0137342829101011,New Mexico
-0.0137342829101011,2012,0,0,0,1,0,0,0,1,0,0,0,0,0,-0.0137342829101011,New Mexico
-0.0137342829101011,2013,0,0,0,1,0,0,0,1,0,0,0,0,0,-0.0137342829101011,New Mexico
-0.0137342829101011,2014,0,0,0,1,0,0,0,1,0,0,0,0,0,-0.0137342829101011,New Mexico
0.799406022669662,2015,0,0,0,1,0,0,0,1,0,0,0,0,1,0.799406022669662,New Mexico
0.799406022669662,2016,0,0,0,1,0,0,0,1,0,0,0,0,1,0.799406022669662,New Mexico
0.799406022669662,2017,0,0,0,1,0,0,0,1,0,0,0,0,1,0.799406022669662,New Mexico
0.799406022669662,2018,0,0,0,1,0,0,0,1,0,0,0,0,1,0.799406022669662,New Mexico
1.65632207869618,2019,0,0,0,1,0,0,0,1,0,1,0,0,1,1.65632207869618,New Mexico
1.65632207869618,2020,0,0,0,1,0,0,0,1,0,1,0,0,1,1.65632207869618,New Mexico
1.65632207869618,2021,0,0,0,1,0,0,0,1,0,1,0,0,1,1.65632207869618,New Mexico
1.65632207869618,2022,0,0,0,1,0,0,0,1,0,1,0,0,1,1.65632207869618,New Mexico
1.65632207869618,2023,0,0,0,1,0,0,0,1,0,1,0,0,1,1.65632207869618,New Mexico
-0.0999973473461295,2000,0,0,0,1,0,0,0,0,0,0,0,0,0,-0.0999973473461295,New York
-0.0999973473461295,2001,0,0,0,1,0,0,0,0,0,0,0,0,0,-0.0999973473461295,New York
-0.0137342829101011,2002,0,0,0,1,0,0,0,1,0,0,0,0,0,-0.0137342829101011,New York
-0.0137342829101011,2003,0,0,0,1,0,0,0,1,0,0,0,0,0,-0.0137342829101011,New York
-0.0137342829101011,2004,0,0,0,1,0,0,0,1,0,0,0,0,0,-0.0137342829101011,New York
-0.0137342829101011,2005,0,0,0,1,0,0,0,1,0,0,0,0,0,-0.0137342829101011,New York
-0.0137342829101011,2006,0,0,0,1,0,0,0,1,0,0,0,0,0,-0.0137342829101011,New York
-0.0137342829101011,2007,0,0,0,1,0,0,0,1,0,0,0,0,0,-0.0137342829101011,New York
-0.0137342829101011,2008,0,0,0,1,0,0,0,1,0,0,0,0,0,-0.0137342829101011,New York
-0.0137342829101011,2009,0,0,0,1,0,0,0,1,0,0,0,0,0,-0.0137342829101011,New York
-0.0137342829101011,2010,0,0,0,1,0,0,0,1,0,0,0,0,0,-0.0137342829101011,New York
0.799406022669662,2011,0,0,0,1,0,0,0,1,0,0,0,0,1,0.799406022669662,New York
0.799406022669662,2012,0,0,0,1,0,0,0,1,0,0,0,0,1,0.799406022669662,New York
0.799406022669662,2013,0,0,0,1,0,0,0,1,0,0,0,0,1,0.799406022669662,New York
0.799406022669662,2014,0,0,0,1,0,0,0,1,0,0,0,0,1,0.799406022669662,New York
0.799406022669662,2015,0,0,0,1,0,0,0,1,0,0,0,0,1,0.799406022669662,New York
0.799406022669662,2016,0,0,0,1,0,0,0,1,0,0,0,0,1,0.799406022669662,New York
0.799406022669662,2017,0,0,0,1,0,0,0,1,0,0,0,0,1,0.799406022669662,New York
0.799406022669662,2018,0,0,0,1,0,0,0,1,0,0,0,0,1,0.799406022669662,New York
0.799406022669662,2019,0,0,0,1,0,0,0,1,0,0,0,0,1,0.799406022669662,New York
1.65632207869618,2020,0,0,0,1,0,0,0,1,0,1,0,0,1,1.65632207869618,New York
1.65632207869618,2021,0,0,0,1,0,0,0,1,0,1,0,0,1,1.65632207869618,New York
1.65632207869618,2022,0,0,0,1,0,0,0,1,0,1,0,0,1,1.65632207869618,New York
1.65632207869618,2023,0,0,0,1,0,0,0,1,0,1,0,0,1,1.65632207869618,New York
-0.220611797120602,2000,0,0,0,0,0,0,0,0,0,0,0,0,0,-0.220611797120602,North Carolina
-0.220611797120602,2001,0,0,0,0,0,0,0,0,0,0,0,0,0,-0.220611797120602,North Carolina
-0.220611797120602,2002,0,0,0,0,0,0,0,0,0,0,0,0,0,-0.220611797120602,North Carolina
-0.0999973473461295,2003,0,0,0,1,0,0,0,0,0,0,0,0,0,-0.0999973473461295,North Carolina
-0.0999973473461295,2004,0,0,0,1,0,0,0,0,0,0,0,0,0,-0.0999973473461295,North Carolina
-0.0403419434581318,2005,0,0,0,1,0,0,0,0,0,0,1,0,0,-0.0403419434581318,North Carolina
-0.0403419434581318,2006,0,0,0,1,0,0,0,0,0,0,1,0,0,-0.0403419434581318,North Carolina
-0.0403419434581318,2007,0,0,0,1,0,0,0,0,0,0,1,0,0,-0.0403419434581318,North Carolina
-0.762899182611329,2008,0,1,0,1,0,0,0,0,0,0,1,0,0,-0.762899182611329,North Carolina
-0.762899182611329,2009,0,1,0,1,0,0,0,0,0,0,1,0,0,-0.762899182611329,North Carolina
-0.762899182611329,2010,0,1,0,1,0,0,0,0,0,0,1,0,0,-0.762899182611329,North Carolina
-0.762899182611329,2011,0,1,0,1,0,0,0,0,0,0,1,0,0,-0.762899182611329,North Carolina
-0.762899182611329,2012,0,1,0,1,0,0,0,0,0,0,1,0,0,-0.762899182611329,North Carolina
-0.762899182611329,2013,0,1,0,1,0,0,0,0,0,0,1,0,0,-0.762899182611329,North Carolina
-0.762899182611329,2014,0,1,0,1,0,0,0,0,0,0,1,0,0,-0.762899182611329,North Carolina
0.734048580559667,2015,0,0,1,1,0,0,0,0,0,0,1,0,1,0.734048580559667,North Carolina
0.797912641685805,2016,0,0,1,1,-1,0,0,0,1,0,1,0,1,0.797912641685805,North Carolina
0.797912641685805,2017,0,0,1,1,-1,0,0,0,1,0,1,0,1,0.797912641685805,North Carolina
0.797912641685805,2018,0,0,1,1,-1,0,0,0,1,0,1,0,1,0.797912641685805,North Carolina
0.797912641685805,2019,0,0,1,1,-1,0,0,0,1,0,1,0,1,0.797912641685805,North Carolina
0.797912641685805,2020,0,0,1,1,-1,0,0,0,1,0,1,0,1,0.797912641685805,North Carolina
0.797912641685805,2021,0,0,1,1,-1,0,0,0,1,0,1,0,1,0.797912641685805,North Carolina
0.797912641685805,2022,0,0,1,1,-1,0,0,0,1,0,1,0,1,0.797912641685805,North Carolina
1.00365038945837,2023,1,0,1,1,-1,1,0,0,1,0,1,0,1,1.00365038945837,North Carolina
-0.0999973473461295,2000,0,0,0,1,0,0,0,0,0,0,0,0,0,-0.0999973473461295,North Dakota
-0.0999973473461295,2001,0,0,0,1,0,0,0,0,0,0,0,0,0,-0.0999973473461295,North Dakota
-0.0999973473461295,2002,0,0,0,1,0,0,0,0,0,0,0,0,0,-0.0999973473461295,North Dakota
-0.0999973473461295,2003,0,0,0,1,0,0,0,0,0,0,0,0,0,-0.0999973473461295,North Dakota
-0.915896315286939,2004,0,1,0,1,0,0,0,0,0,0,0,0,0,-0.915896315286939,North Dakota
-0.915896315286939,2005,0,1,0,1,0,0,0,0,0,0,0,0,0,-0.915896315286939,North Dakota
-0.915896315286939,2006,0,1,0,1,0,0,0,0,0,0,0,0,0,-0.915896315286939,North Dakota
-0.915896315286939,2007,0,1,0,1,0,0,0,0,0,0,0,0,0,-0.915896315286939,North Dakota
-0.915896315286939,2008,0,1,0,1,0,0,0,0,0,0,0,0,0,-0.915896315286939,North Dakota
-0.915896315286939,2009,0,1,0,1,0,0,0,0,0,0,0,0,0,-0.915896315286939,North Dakota
-0.915896315286939,2010,0,1,0,1,0,0,0,0,0,0,0,0,0,-0.915896315286939,North Dakota
-0.915896315286939,2011,0,1,0,1,0,0,0,0,0,0,0,0,0,-0.915896315286939,North Dakota
-0.847356970399274,2012,0,1,0,1,0,0,0,0,1,0,0,0,0,-0.847356970399274,North Dakota
-0.847356970399274,2013,0,1,0,1,0,0,0,0,1,0,0,0,0,-0.847356970399274,North Dakota
-0.847356970399274,2014,0,1,0,1,0,0,0,0,1,0,0,0,0,-0.847356970399274,North Dakota
0.658345353941636,2015,0,0,0,1,0,0,0,0,1,0,0,0,1,0.658345353941636,North Dakota
0.658345353941636,2016,0,0,0,1,0,0,0,0,1,0,0,0,1,0.658345353941636,North Dakota
0.658345353941636,2017,0,0,0,1,0,0,0,0,1,0,0,0,1,0.658345353941636,North Dakota
0.658345353941636,2018,0,0,0,1,0,0,0,0,1,0,0,0,1,0.658345353941636,North Dakota
0.658345353941636,2019,0,0,0,1,0,0,0,0,1,0,0,0,1,0.658345353941636,North Dakota
0.867443899435785,2020,0,0,0,1,0,0,0,1,1,0,0,0,1,0.867443899435785,North Dakota
0.867443899435785,2021,0,0,0,1,0,0,0,1,1,0,0,0,1,0.867443899435785,North Dakota
0.867443899435785,2022,0,0,0,1,0,0,0,1,1,0,0,0,1,0.867443899435785,North Dakota
1.09147611082461,2023,0,0,0,1,-1,1,0,1,1,0,0,1,1,1.09147611082461,North Dakota
-0.0999973473461295,2000,0,0,0,1,0,0,0,0,0,0,0,0,0,-0.0999973473461295,Ohio
-0.0999973473461295,2001,0,0,0,1,0,0,0,0,0,0,0,0,0,-0.0999973473461295,Ohio
-0.0999973473461295,2002,0,0,0,1,0,0,0,0,0,0,0,0,0,-0.0999973473461295,Ohio
-0.0999973473461295,2003,0,0,0,1,0,0,0,0,0,0,0,0,0,-0.0999973473461295,Ohio
-0.915896315286939,2004,0,1,0,1,0,0,0,0,0,0,0,0,0,-0.915896315286939,Ohio
-0.915896315286939,2005,0,1,0,1,0,0,0,0,0,0,0,0,0,-0.915896315286939,Ohio
-0.915896315286939,2006,0,1,0,1,0,0,0,0,0,0,0,0,0,-0.915896315286939,Ohio
-0.915896315286939,2007,0,1,0,1,0,0,0,0,0,0,0,0,0,-0.915896315286939,Ohio
-0.915896315286939,2008,0,1,0,1,0,0,0,0,0,0,0,0,0,-0.915896315286939,Ohio
-0.915896315286939,2009,0,1,0,1,0,0,0,0,0,0,0,0,0,-0.915896315286939,Ohio
-0.915896315286939,2010,0,1,0,1,0,0,0,0,0,0,0,0,0,-0.915896315286939,Ohio
-0.915896315286939,2011,0,1,0,1,0,0,0,0,0,0,0,0,0,-0.915896315286939,Ohio
-0.915896315286939,2012,0,1,0,1,0,0,0,0,0,0,0,0,0,-0.915896315286939,Ohio
-0.915896315286939,2013,0,1,0,1,0,0,0,0,0,0,0,0,0,-0.915896315286939,Ohio
-0.915896315286939,2014,0,1,0,1,0,0,0,0,0,0,0,0,0,-0.915896315286939,Ohio
0.603696048787701,2015,0,0,0,1,0,0,0,0,0,0,0,0,1,0.603696048787701,Ohio
0.603696048787701,2016,0,0,0,1,0,0,0,0,0,0,0,0,1,0.603696048787701,Ohio
0.603696048787701,2017,0,0,0,1,0,0,0,0,0,0,0,0,1,0.603696048787701,Ohio
0.603696048787701,2018,0,0,0,1,0,0,0,0,0,0,0,0,1,0.603696048787701,Ohio
0.603696048787701,2019,0,0,0,1,0,0,0,0,0,0,0,0,1,0.603696048787701,Ohio
0.603696048787701,2020,0,0,0,1,0,0,0,0,0,0,0,0,1,0.603696048787701,Ohio
1.65630956825977,2021,0,0,1,1,0,0,0,1,0,1,0,0,1,1.65630956825977,Ohio
1.65630956825977,2022,0,0,1,1,0,0,0,1,0,1,0,0,1,1.65630956825977,Ohio
1.65630956825977,2023,0,0,1,1,0,0,0,1,0,1,0,0,1,1.65630956825977,Ohio
-0.232004505935713,2000,1,0,0,0,0,0,0,0,0,0,0,0,0,-0.232004505935713,Oklahoma
-0.232004505935713,2001,1,0,0,0,0,0,0,0,0,0,0,0,0,-0.232004505935713,Oklahoma
-0.232004505935713,2002,1,0,0,0,0,0,0,0,0,0,0,0,0,-0.232004505935713,Oklahoma
-0.110485737692098,2003,1,0,0,1,0,0,0,0,0,0,0,0,0,-0.110485737692098,Oklahoma
-1.35772111420734,2004,1,1,0,1,0,0,0,0,0,0,0,0,0,-1.35772111420734,Oklahoma
-1.35772111420734,2005,1,1,0,1,0,0,0,0,0,0,0,0,0,-1.35772111420734,Oklahoma
-1.35772111420734,2006,1,1,0,1,0,0,0,0,0,0,0,0,0,-1.35772111420734,Oklahoma
-1.35772111420734,2007,1,1,0,1,0,0,0,0,0,0,0,0,0,-1.35772111420734,Oklahoma
-1.35772111420734,2008,1,1,0,1,0,0,0,0,0,0,0,0,0,-1.35772111420734,Oklahoma
-1.35772111420734,2009,1,1,0,1,0,0,0,0,0,0,0,0,0,-1.35772111420734,Oklahoma
-1.35772111420734,2010,1,1,0,1,0,0,0,0,0,0,0,0,0,-1.35772111420734,Oklahoma
-1.35772111420734,2011,1,1,0,1,0,0,0,0,0,0,0,0,0,-1.35772111420734,Oklahoma
-1.35772111420734,2012,1,1,0,1,0,0,0,0,0,0,0,0,0,-1.35772111420734,Oklahoma
-1.35772111420734,2013,1,1,0,1,0,0,0,0,0,0,0,0,0,-1.35772111420734,Oklahoma
-1.35772111420734,2014,1,1,0,1,0,0,0,0,0,0,0,0,0,-1.35772111420734,Oklahoma
0.6017933104444,2015,1,0,0,1,0,0,0,0,0,0,0,0,1,0.6017933104444,Oklahoma
0.6017933104444,2016,1,0,0,1,0,0,0,0,0,0,0,0,1,0.6017933104444,Oklahoma
0.6017933104444,2017,1,0,0,1,0,0,0,0,0,0,0,0,1,0.6017933104444,Oklahoma
0.6017933104444,2018,1,0,0,1,0,0,0,0,0,0,0,0,1,0.6017933104444,Oklahoma
0.6017933104444,2019,1,0,0,1,0,0,0,0,0,0,0,0,1,0.6017933104444,Oklahoma
0.6017933104444,2020,1,0,0,1,0,0,0,0,0,0,0,0,1,0.6017933104444,Oklahoma
0.605306497933742,2021,1,0,0,1,0,0,0,0,0,0,0,1,1,0.605306497933742,Oklahoma
0.605306497933742,2022,1,0,0,1,-1,0,0,0,0,0,0,1,1,0.605306497933742,Oklahoma
0.775487519431913,2023,1,0,0,1,-1,1,0,0,0,0,0,1,1,0.775487519431913,Oklahoma
-0.0999973473461295,2000,0,0,0,1,0,0,0,0,0,0,0,0,0,-0.0999973473461295,Oregon
-0.0999973473461295,2001,0,0,0,1,0,0,0,0,0,0,0,0,0,-0.0999973473461295,Oregon
-0.0999973473461295,2002,0,0,0,1,0,0,0,0,0,0,0,0,0,-0.0999973473461295,Oregon
-0.0999973473461295,2003,0,0,0,1,0,0,0,0,0,0,0,0,0,-0.0999973473461295,Oregon
-0.915896315286939,2004,0,1,0,1,0,0,0,0,0,0,0,0,0,-0.915896315286939,Oregon
-0.915896315286939,2005,0,1,0,1,0,0,0,0,0,0,0,0,0,-0.915896315286939,Oregon
-0.915896315286939,2006,0,1,0,1,0,0,0,0,0,0,0,0,0,-0.915896315286939,Oregon
-0.701532553793498,2007,0,1,0,1,0,0,0,1,0,0,0,0,0,-0.701532553793498,Oregon
-0.701532553793498,2008,0,1,0,1,0,0,0,1,0,0,0,0,0,-0.701532553793498,Oregon
-0.701532553793498,2009,0,1,0,1,0,0,0,1,0,0,0,0,0,-0.701532553793498,Oregon
-0.701532553793498,2010,0,1,0,1,0,0,0,1,0,0,0,0,0,-0.701532553793498,Oregon
-0.701532553793498,2011,0,1,0,1,0,0,0,1,0,0,0,0,0,-0.701532553793498,Oregon
-0.701532553793498,2012,0,1,0,1,0,0,0,1,0,0,0,0,0,-0.701532553793498,Oregon
-0.701532553793498,2013,0,1,0,1,0,0,0,1,0,0,0,0,0,-0.701532553793498,Oregon
-0.701532553793498,2014,0,1,0,1,0,0,0,1,0,0,0,0,0,-0.701532553793498,Oregon
0.799406022669662,2015,0,0,0,1,0,0,0,1,0,0,0,0,1,0.799406022669662,Oregon
0.799406022669662,2016,0,0,0,1,0,0,0,1,0,0,0,0,1,0.799406022669662,Oregon
1.65632207869618,2017,0,0,0,1,0,0,0,1,0,1,0,0,1,1.65632207869618,Oregon
1.65632207869618,2018,0,0,0,1,0,0,0,1,0,1,0,0,1,1.65632207869618,Oregon
1.65632207869618,2019,0,0,0,1,0,0,0,1,0,1,0,0,1,1.65632207869618,Oregon
1.65632207869618,2020,0,0,0,1,0,0,0,1,0,1,0,0,1,1.65632207869618,Oregon
1.65632207869618,2021,0,0,0,1,0,0,0,1,0,1,0,0,1,1.65632207869618,Oregon
1.65632207869618,2022,0,0,0,1,0,0,0,1,0,1,0,0,1,1.65632207869618,Oregon
1.65632207869618,2023,0,0,0,1,0,0,0,1,0,1,0,0,1,1.65632207869618,Oregon
-0.915896315286939,2000,0,1,0,1,0,0,0,0,0,0,0,0,0,-0.915896315286939,Pennsylvania
-0.915896315286939,2001,0,1,0,1,0,0,0,0,0,0,0,0,0,-0.915896315286939,Pennsylvania
-0.915896315286939,2002,0,1,0,1,0,0,0,0,0,0,0,0,0,-0.915896315286939,Pennsylvania
-0.915896315286939,2003,0,1,0,1,0,0,0,0,0,0,0,0,0,-0.915896315286939,Pennsylvania
-0.915896315286939,2004,0,1,0,1,0,0,0,0,0,0,0,0,0,-0.915896315286939,Pennsylvania
-0.915896315286939,2005,0,1,0,1,0,0,0,0,0,0,0,0,0,-0.915896315286939,Pennsylvania
-0.915896315286939,2006,0,1,0,1,0,0,0,0,0,0,0,0,0,-0.915896315286939,Pennsylvania
-0.915896315286939,2007,0,1,0,1,0,0,0,0,0,0,0,0,0,-0.915896315286939,Pennsylvania
-0.915896315286939,2008,0,1,0,1,0,0,0,0,0,0,0,0,0,-0.915896315286939,Pennsylvania
-0.915896315286939,2009,0,1,0,1,0,0,0,0,0,0,0,0,0,-0.915896315286939,Pennsylvania
-0.915896315286939,2010,0,1,0,1,0,0,0,0,0,0,0,0,0,-0.915896315286939,Pennsylvania
-0.915896315286939,2011,0,1,0,1,0,0,0,0,0,0,0,0,0,-0.915896315286939,Pennsylvania
-0.915896315286939,2012,0,1,0,1,0,0,0,0,0,0,0,0,0,-0.915896315286939,Pennsylvania
-0.915896315286939,2013,0,1,0,1,0,0,0,0,0,0,0,0,0,-0.915896315286939,Pennsylvania
-0.915896315286939,2014,0,1,0,1,0,0,0,0,0,0,0,0,0,-0.915896315286939,Pennsylvania
0.603696048787701,2015,0,0,0,1,0,0,0,0,0,0,0,0,1,0.603696048787701,Pennsylvania
0.603696048787701,2016,0,0,0,1,0,0,0,0,0,0,0,0,1,0.603696048787701,Pennsylvania
0.603696048787701,2017,0,0,0,1,0,0,0,0,0,0,0,0,1,0.603696048787701,Pennsylvania
0.799406022669662,2018,0,0,0,1,0,0,0,1,0,0,0,0,1,0.799406022669662,Pennsylvania
0.799406022669662,2019,0,0,0,1,0,0,0,1,0,0,0,0,1,0.799406022669662,Pennsylvania
0.799406022669662,2020,0,0,0,1,0,0,0,1,0,0,0,0,1,0.799406022669662,Pennsylvania
0.799406022669662,2021,0,0,0,1,0,0,0,1,0,0,0,0,1,0.799406022669662,Pennsylvania
0.799406022669662,2022,0,0,0,1,0,0,0,1,0,0,0,0,1,0.799406022669662,Pennsylvania
0.799406022669662,2023,0,0,0,1,0,0,0,1,0,0,0,0,1,0.799406022669662,Pennsylvania
-0.0137342829101011,2000,0,0,0,1,0,0,0,1,0,0,0,0,0,-0.0137342829101011,Rhode Island
-0.0137342829101011,2001,0,0,0,1,0,0,0,1,0,0,0,0,0,-0.0137342829101011,Rhode Island
-0.0137342829101011,2002,0,0,0,1,0,0,0,1,0,0,0,0,0,-0.0137342829101011,Rhode Island
-0.0137342829101011,2003,0,0,0,1,0,0,0,1,0,0,0,0,0,-0.0137342829101011,Rhode Island
-0.0137342829101011,2004,0,0,0,1,0,0,0,1,0,0,0,0,0,-0.0137342829101011,Rhode Island
-0.0137342829101011,2005,0,0,0,1,0,0,0,1,0,0,0,0,0,-0.0137342829101011,Rhode Island
-0.0137342829101011,2006,0,0,0,1,0,0,0,1,0,0,0,0,0,-0.0137342829101011,Rhode Island
-0.0137342829101011,2007,0,0,0,1,0,0,0,1,0,0,0,0,0,-0.0137342829101011,Rhode Island
-0.0137342829101011,2008,0,0,0,1,0,0,0,1,0,0,0,0,0,-0.0137342829101011,Rhode Island
-0.0137342829101011,2009,0,0,0,1,0,0,0,1,0,0,0,0,0,-0.0137342829101011,Rhode Island
-0.0137342829101011,2010,0,0,0,1,0,0,0,1,0,0,0,0,0,-0.0137342829101011,Rhode Island
-0.0137342829101011,2011,0,0,0,1,0,0,0,1,0,0,0,0,0,-0.0137342829101011,Rhode Island
-0.0137342829101011,2012,0,0,0,1,0,0,0,1,0,0,0,0,0,-0.0137342829101011,Rhode Island
-0.0137342829101011,2013,0,0,0,1,0,0,0,1,0,0,0,0,0,-0.0137342829101011,Rhode Island
-0.0137342829101011,2014,0,0,0,1,0,0,0,1,0,0,0,0,0,-0.0137342829101011,Rhode Island
0.799406022669662,2015,0,0,0,1,0,0,0,1,0,0,0,0,1,0.799406022669662,Rhode Island
0.799406022669662,2016,0,0,0,1,0,0,0,1,0,0,0,0,1,0.799406022669662,Rhode Island
0.799406022669662,2017,0,0,0,1,0,0,0,1,0,0,0,0,1,0.799406022669662,Rhode Island
0.799406022669662,2018,0,0,0,1,0,0,0,1,0,0,0,0,1,0.799406022669662,Rhode Island
1.65632207869618,2019,0,0,0,1,0,0,0,1,0,1,0,0,1,1.65632207869618,Rhode Island
1.65632207869618,2020,0,0,0,1,0,0,0,1,0,1,0,0,1,1.65632207869618,Rhode Island
1.65632207869618,2021,0,0,0,1,0,0,0,1,0,1,0,0,1,1.65632207869618,Rhode Island
1.65632207869618,2022,0,0,0,1,0,0,0,1,0,1,0,0,1,1.65632207869618,Rhode Island
1.65632207869618,2023,0,0,0,1,0,0,0,1,0,1,0,0,1,1.65632207869618,Rhode Island
-0.232004505935713,2000,1,0,0,0,0,0,0,0,0,0,0,0,0,-0.232004505935713,South Carolina
-0.232004505935713,2001,1,0,0,0,0,0,0,0,0,0,0,0,0,-0.232004505935713,South Carolina
-0.232004505935713,2002,1,0,0,0,0,0,0,0,0,0,0,0,0,-0.232004505935713,South Carolina
-0.110485737692098,2003,1,0,0,1,0,0,0,0,0,0,0,0,0,-0.110485737692098,South Carolina
-0.110485737692098,2004,1,0,0,1,0,0,0,0,0,0,0,0,0,-0.110485737692098,South Carolina
-0.110485737692098,2005,1,0,0,1,0,0,0,0,0,0,0,0,0,-0.110485737692098,South Carolina
-1.35772111420734,2006,1,1,0,1,0,0,0,0,0,0,0,0,0,-1.35772111420734,South Carolina
-1.35772111420734,2007,1,1,0,1,0,0,0,0,0,0,0,0,0,-1.35772111420734,South Carolina
-1.35772111420734,2008,1,1,0,1,0,0,0,0,0,0,0,0,0,-1.35772111420734,South Carolina
-1.35772111420734,2009,1,1,0,1,0,0,0,0,0,0,0,0,0,-1.35772111420734,South Carolina
-1.35772111420734,2010,1,1,0,1,0,0,0,0,0,0,0,0,0,-1.35772111420734,South Carolina
-1.35772111420734,2011,1,1,0,1,0,0,0,0,0,0,0,0,0,-1.35772111420734,South Carolina
-1.35772111420734,2012,1,1,0,1,0,0,0,0,0,0,0,0,0,-1.35772111420734,South Carolina
-1.35772111420734,2013,1,1,0,1,0,0,0,0,0,0,0,0,0,-1.35772111420734,South Carolina
-1.35772111420734,2014,1,1,0,1,0,0,0,0,0,0,0,0,0,-1.35772111420734,South Carolina
0.6017933104444,2015,1,0,0,1,0,0,0,0,0,0,0,0,1,0.6017933104444,South Carolina
0.6017933104444,2016,1,0,0,1,0,0,0,0,0,0,0,0,1,0.6017933104444,South Carolina
0.6017933104444,2017,1,0,0,1,0,0,0,0,0,0,0,0,1,0.6017933104444,South Carolina
0.6017933104444,2018,1,0,0,1,0,0,0,0,0,0,0,0,1,0.6017933104444,South Carolina
0.6017933104444,2019,1,0,0,1,0,0,0,0,0,0,0,0,1,0.6017933104444,South Carolina
0.6017933104444,2020,1,0,0,1,0,0,0,0,0,0,0,0,1,0.6017933104444,South Carolina
0.6017933104444,2021,1,0,0,1,0,0,0,0,0,0,0,0,1,0.6017933104444,South Carolina
0.601716614599537,2022,1,0,1,1,0,0,0,0,0,0,0,0,1,0.601716614599537,South Carolina
0.601716614599537,2023,1,0,1,1,0,0,0,0,0,0,0,0,1,0.601716614599537,South Carolina
-0.0999973473461295,2000,0,0,0,1,0,0,0,0,0,0,0,0,0,-0.0999973473461295,South Dakota
-0.0999973473461295,2001,0,0,0,1,0,0,0,0,0,0,0,0,0,-0.0999973473461295,South Dakota
-0.0999973473461295,2002,0,0,0,1,0,0,0,0,0,0,0,0,0,-0.0999973473461295,South Dakota
-0.0999973473461295,2003,0,0,0,1,0,0,0,0,0,0,0,0,0,-0.0999973473461295,South Dakota
-0.0999973473461295,2004,0,0,0,1,0,0,0,0,0,0,0,0,0,-0.0999973473461295,South Dakota
-0.0999973473461295,2005,0,0,0,1,0,0,0,0,0,0,0,0,0,-0.0999973473461295,South Dakota
-0.915896315286939,2006,0,1,0,1,0,0,0,0,0,0,0,0,0,-0.915896315286939,South Dakota
-0.915896315286939,2007,0,1,0,1,0,0,0,0,0,0,0,0,0,-0.915896315286939,South Dakota
-0.915896315286939,2008,0,1,0,1,0,0,0,0,0,0,0,0,0,-0.915896315286939,South Dakota
-0.915896315286939,2009,0,1,0,1,0,0,0,0,0,0,0,0,0,-0.915896315286939,South Dakota
-0.915896315286939,2010,0,1,0,1,0,0,0,0,0,0,0,0,0,-0.915896315286939,South Dakota
-0.915896315286939,2011,0,1,0,1,0,0,0,0,0,0,0,0,0,-0.915896315286939,South Dakota
-0.847356970399274,2012,0,1,0,1,0,0,0,0,1,0,0,0,0,-0.847356970399274,South Dakota
-0.847356970399274,2013,0,1,0,1,0,0,0,0,1,0,0,0,0,-0.847356970399274,South Dakota
-0.847356970399274,2014,0,1,0,1,0,0,0,0,1,0,0,0,0,-0.847356970399274,South Dakota
0.658345353941636,2015,0,0,0,1,0,0,0,0,1,0,0,0,1,0.658345353941636,South Dakota
0.658345353941636,2016,0,0,0,1,0,0,0,0,1,0,0,0,1,0.658345353941636,South Dakota
0.658345353941636,2017,0,0,0,1,0,0,0,0,1,0,0,0,1,0.658345353941636,South Dakota
0.658345353941636,2018,0,0,0,1,0,0,0,0,1,0,0,0,1,0.658345353941636,South Dakota
0.658345353941636,2019,0,0,0,1,0,0,0,0,1,0,0,0,1,0.658345353941636,South Dakota
0.658345353941636,2020,0,0,0,1,0,0,0,0,1,0,0,0,1,0.658345353941636,South Dakota
0.658345353941636,2021,0,0,0,1,0,0,0,0,1,0,0,0,1,0.658345353941636,South Dakota
0.658345353941636,2022,0,0,0,1,0,0,0,0,1,0,0,0,1,0.658345353941636,South Dakota
0.838876787500467,2023,0,0,0,1,0,1,0,0,1,0,0,0,1,0.838876787500467,South Dakota
-0.0999973473461295,2000,0,0,0,1,0,0,0,0,0,0,0,0,0,-0.0999973473461295,Tennessee
-0.0999973473461295,2001,0,0,0,1,0,0,0,0,0,0,0,0,0,-0.0999973473461295,Tennessee
-0.0999973473461295,2002,0,0,0,1,0,0,0,0,0,0,0,0,0,-0.0999973473461295,Tennessee
-0.0999973473461295,2003,0,0,0,1,0,0,0,0,0,0,0,0,0,-0.0999973473461295,Tennessee
-0.0999973473461295,2004,0,0,0,1,0,0,0,0,0,0,0,0,0,-0.0999973473461295,Tennessee
-0.0999973473461295,2005,0,0,0,1,0,0,0,0,0,0,0,0,0,-0.0999973473461295,Tennessee
-0.913541281223011,2006,0,1,0,1,0,0,0,0,0,0,0,1,0,-0.913541281223011,Tennessee
-0.913541281223011,2007,0,1,0,1,0,0,0,0,0,0,0,1,0,-0.913541281223011,Tennessee
-0.913541281223011,2008,0,1,0,1,0,0,0,0,0,0,0,1,0,-0.913541281223011,Tennessee
-0.913541281223011,2009,0,1,0,1,0,0,0,0,0,0,0,1,0,-0.913541281223011,Tennessee
-0.913541281223011,2010,0,1,0,1,0,0,0,0,0,0,0,1,0,-0.913541281223011,Tennessee
-0.845090281921248,2011,0,1,0,1,0,0,0,0,1,0,0,1,0,-0.845090281921248,Tennessee
-0.845090281921248,2012,0,1,0,1,0,0,0,0,1,0,0,1,0,-0.845090281921248,Tennessee
-0.845090281921248,2013,0,1,0,1,0,0,0,0,1,0,0,1,0,-0.845090281921248,Tennessee
-0.845090281921248,2014,0,1,0,1,0,0,0,0,1,0,0,1,0,-0.845090281921248,Tennessee
0.662195671972923,2015,0,0,0,1,0,0,0,0,1,0,0,1,1,0.662195671972923,Tennessee
0.662195671972923,2016,0,0,0,1,0,0,0,0,1,0,0,1,1,0.662195671972923,Tennessee
0.662195671972923,2017,0,0,0,1,0,0,0,0,1,0,0,1,1,0.662195671972923,Tennessee
0.662195671972923,2018,0,0,0,1,0,0,0,0,1,0,0,1,1,0.662195671972923,Tennessee
0.662195671972923,2019,0,0,0,1,0,0,0,0,1,0,0,1,1,0.662195671972923,Tennessee
0.662195671972923,2020,0,0,0,1,0,0,0,0,1,0,0,1,1,0.662195671972923,Tennessee
0.662195671972923,2021,0,0,0,1,-1,0,0,0,1,0,0,1,1,0.662195671972923,Tennessee
0.662195671972923,2022,0,0,0,1,-1,0,0,0,1,0,0,1,1,0.662195671972923,Tennessee
0.84385481808994,2023,0,0,0,1,-1,1,0,0,1,0,0,1,1,0.84385481808994,Tennessee
-0.232004505935713,2000,1,0,0,0,0,0,0,0,0,0,0,0,0,-0.232004505935713,Texas
-0.232004505935713,2001,1,0,0,0,0,0,0,0,0,0,0,0,0,-0.232004505935713,Texas
-0.232004505935713,2002,1,0,0,0,0,0,0,0,0,0,0,0,0,-0.232004505935713,Texas
-0.110485737692098,2003,1,0,0,1,0,0,0,0,0,0,0,0,0,-0.110485737692098,Texas
-0.110485737692098,2004,1,0,0,1,0,0,0,0,0,0,0,0,0,-0.110485737692098,Texas
-1.35772111420734,2005,1,1,0,1,0,0,0,0,0,0,0,0,0,-1.35772111420734,Texas
-1.35772111420734,2006,1,1,0,1,0,0,0,0,0,0,0,0,0,-1.35772111420734,Texas
-1.35772111420734,2007,1,1,0,1,0,0,0,0,0,0,0,0,0,-1.35772111420734,Texas
-1.35772111420734,2008,1,1,0,1,0,0,0,0,0,0,0,0,0,-1.35772111420734,Texas
-1.35772111420734,2009,1,1,0,1,0,0,0,0,0,0,0,0,0,-1.35772111420734,Texas
-1.35772111420734,2010,1,1,0,1,0,0,0,0,0,0,0,0,0,-1.35772111420734,Texas
-1.35772111420734,2011,1,1,0,1,0,0,0,0,0,0,0,0,0,-1.35772111420734,Texas
-1.35772111420734,2012,1,1,0,1,0,0,0,0,0,0,0,0,0,-1.35772111420734,Texas
-1.35772111420734,2013,1,1,0,1,0,0,0,0,0,0,0,0,0,-1.35772111420734,Texas
-1.35772111420734,2014,1,1,0,1,0,0,0,0,0,0,0,0,0,-1.35772111420734,Texas
0.6017933104444,2015,1,0,0,1,0,0,0,0,0,0,0,0,1,0.6017933104444,Texas
0.6017933104444,2016,1,0,0,1,0,0,0,0,0,0,0,0,1,0.6017933104444,Texas
0.6017933104444,2017,1,0,0,1,0,0,0,0,0,0,0,0,1,0.6017933104444,Texas
0.6017933104444,2018,1,0,0,1,0,0,0,0,0,0,0,0,1,0.6017933104444,Texas
0.6017933104444,2019,1,0,0,1,0,0,0,0,0,0,0,0,1,0.6017933104444,Texas
0.6017933104444,2020,1,0,0,1,0,0,0,0,0,0,0,0,1,0.6017933104444,Texas
0.797906405303564,2021,1,0,0,1,0,0,0,1,0,0,0,0,1,0.797906405303564,Texas
0.797906405303564,2022,1,0,0,1,0,0,0,1,0,0,0,0,1,0.797906405303564,Texas
1.00516821559846,2023,1,0,0,1,0,1,0,1,0,0,0,0,1,1.00516821559846,Texas
-0.220611797120602,2000,0,0,0,0,0,0,0,0,0,0,0,0,0,-0.220611797120602,Utah
-0.232004505935713,2001,1,0,0,0,0,0,0,0,0,0,0,0,0,-0.232004505935713,Utah
-0.232004505935713,2002,1,0,0,0,0,0,0,0,0,0,0,0,0,-0.232004505935713,Utah
-0.110485737692098,2003,1,0,0,1,0,0,0,0,0,0,0,0,0,-0.110485737692098,Utah
-1.35772111420734,2004,1,1,0,1,0,0,0,0,0,0,0,0,0,-1.35772111420734,Utah
-1.35772111420734,2005,1,1,0,1,0,0,0,0,0,0,0,0,0,-1.35772111420734,Utah
-1.35772111420734,2006,1,1,0,1,0,0,0,0,0,0,0,0,0,-1.35772111420734,Utah
-1.35772111420734,2007,1,1,0,1,0,0,0,0,0,0,0,0,0,-1.35772111420734,Utah
-1.35772111420734,2008,1,1,0,1,0,0,0,0,0,0,0,0,0,-1.35772111420734,Utah
-1.35772111420734,2009,1,1,0,1,0,0,0,0,0,0,0,0,0,-1.35772111420734,Utah
-1.35772111420734,2010,1,1,0,1,0,0,0,0,0,0,0,0,0,-1.35772111420734,Utah
-1.35772111420734,2011,1,1,0,1,0,0,0,0,0,0,0,0,0,-1.35772111420734,Utah
-1.35772111420734,2012,1,1,0,1,0,0,0,0,0,0,0,0,0,-1.35772111420734,Utah
-1.35772111420734,2013,1,1,0,1,0,0,0,0,0,0,0,0,0,-1.35772111420734,Utah
-1.35772111420734,2014,1,1,0,1,0,0,0,0,0,0,0,0,0,-1.35772111420734,Utah
0.797906405303564,2015,1,0,0,1,0,0,0,1,0,0,0,0,1,0.797906405303564,Utah
0.797906405303564,2016,1,0,0,1,0,0,0,1,0,0,0,0,1,0.797906405303564,Utah
0.797906405303564,2017,1,0,0,1,0,0,0,1,0,0,0,0,1,0.797906405303564,Utah
0.797906405303564,2018,1,0,0,1,0,0,0,1,0,0,0,0,1,0.797906405303564,Utah
0.797906405303564,2019,1,0,0,1,0,0,0,1,0,0,0,0,1,0.797906405303564,Utah
0.797906405303564,2020,1,0,0,1,0,0,0,1,0,0,0,0,1,0.797906405303564,Utah
0.797906405303564,2021,1,0,0,1,0,0,0,1,0,0,0,0,1,0.797906405303564,Utah
0.797906405303564,2022,1,0,0,1,0,0,0,1,0,0,0,0,1,0.797906405303564,Utah
1.01371179182718,2023,1,0,0,1,0,1,1,1,0,0,0,0,1,1.01371179182718,Utah
-0.0137342829101011,2000,0,0,0,1,0,0,0,1,0,0,0,0,0,-0.0137342829101011,Vermont
-0.0137342829101011,2001,0,0,0,1,0,0,0,1,0,0,0,0,0,-0.0137342829101011,Vermont
-0.0137342829101011,2002,0,0,0,1,0,0,0,1,0,0,0,0,0,-0.0137342829101011,Vermont
-0.0137342829101011,2003,0,0,0,1,0,0,0,1,0,0,0,0,0,-0.0137342829101011,Vermont
-0.0137342829101011,2004,0,0,0,1,0,0,0,1,0,0,0,0,0,-0.0137342829101011,Vermont
-0.0137342829101011,2005,0,0,0,1,0,0,0,1,0,0,0,0,0,-0.0137342829101011,Vermont
-0.0137342829101011,2006,0,0,0,1,0,0,0,1,0,0,0,0,0,-0.0137342829101011,Vermont
-0.0137342829101011,2007,0,0,0,1,0,0,0,1,0,0,0,0,0,-0.0137342829101011,Vermont
-0.0137342829101011,2008,0,0,0,1,0,0,0,1,0,0,0,0,0,-0.0137342829101011,Vermont
0.799406022669662,2009,0,0,0,1,0,0,0,1,0,0,0,0,1,0.799406022669662,Vermont
0.799406022669662,2010,0,0,0,1,0,0,0,1,0,0,0,0,1,0.799406022669662,Vermont
0.799406022669662,2011,0,0,0,1,0,0,0,1,0,0,0,0,1,0.799406022669662,Vermont
0.799406022669662,2012,0,0,0,1,0,0,0,1,0,0,0,0,1,0.799406022669662,Vermont
0.799406022669662,2013,0,0,0,1,0,0,0,1,0,0,0,0,1,0.799406022669662,Vermont
0.799406022669662,2014,0,0,0,1,0,0,0,1,0,0,0,0,1,0.799406022669662,Vermont
0.799406022669662,2015,0,0,0,1,0,0,0,1,0,0,0,0,1,0.799406022669662,Vermont
0.799406022669662,2016,0,0,0,1,0,0,0,1,0,0,0,0,1,0.799406022669662,Vermont
0.799406022669662,2017,0,0,0,1,0,0,0,1,0,0,0,0,1,0.799406022669662,Vermont
0.799406022669662,2018,0,0,0,1,0,0,0,1,0,0,0,0,1,0.799406022669662,Vermont
0.799406022669662,2019,0,0,0,1,0,0,0,1,0,0,0,0,1,0.799406022669662,Vermont
0.799406022669662,2020,0,0,0,1,0,0,0,1,0,0,0,0,1,0.799406022669662,Vermont
0.799406022669662,2021,0,0,0,1,0,0,0,1,0,0,0,0,1,0.799406022669662,Vermont
1.65632207869618,2022,0,0,0,1,0,0,0,1,0,1,0,0,1,1.65632207869618,Vermont
1.65632207869618,2023,0,0,0,1,0,0,0,1,0,1,0,0,1,1.65632207869618,Vermont
-0.220611797120602,2000,0,0,0,0,0,0,0,0,0,0,0,0,0,-0.220611797120602,Virginia
-0.220611797120602,2001,0,0,0,0,0,0,0,0,0,0,0,0,0,-0.220611797120602,Virginia
-0.220611797120602,2002,0,0,0,0,0,0,0,0,0,0,0,0,0,-0.220611797120602,Virginia
-0.0999973473461295,2003,0,0,0,1,0,0,0,0,0,0,0,0,0,-0.0999973473461295,Virginia
-0.0999973473461295,2004,0,0,0,1,0,0,0,0,0,0,0,0,0,-0.0999973473461295,Virginia
-0.0999973473461295,2005,0,0,0,1,0,0,0,0,0,0,0,0,0,-0.0999973473461295,Virginia
-0.915896315286939,2006,0,1,0,1,0,0,0,0,0,0,0,0,0,-0.915896315286939,Virginia
-0.915896315286939,2007,0,1,0,1,0,0,0,0,0,0,0,0,0,-0.915896315286939,Virginia
-0.915896315286939,2008,0,1,0,1,0,0,0,0,0,0,0,0,0,-0.915896315286939,Virginia
-0.915896315286939,2009,0,1,0,1,0,0,0,0,0,0,0,0,0,-0.915896315286939,Virginia
-0.915896315286939,2010,0,1,0,1,0,0,0,0,0,0,0,0,0,-0.915896315286939,Virginia
-0.915896315286939,2011,0,1,0,1,0,0,0,0,0,0,0,0,0,-0.915896315286939,Virginia
-0.915896315286939,2012,0,1,0,1,0,0,0,0,0,0,0,0,0,-0.915896315286939,Virginia
-0.915896315286939,2013,0,1,0,1,0,0,0,0,0,0,0,0,0,-0.915896315286939,Virginia
-0.915896315286939,2014,0,1,0,1,0,0,0,0,0,0,0,0,0,-0.915896315286939,Virginia
0.603696048787701,2015,0,0,0,1,0,0,0,0,0,0,0,0,1,0.603696048787701,Virginia
0.603696048787701,2016,0,0,0,1,0,0,0,0,0,0,0,0,1,0.603696048787701,Virginia
0.603696048787701,2017,0,0,0,1,0,0,0,0,0,0,0,0,1,0.603696048787701,Virginia
0.603696048787701,2018,0,0,0,1,0,0,0,0,0,0,0,0,1,0.603696048787701,Virginia
0.603696048787701,2019,0,0,0,1,0,0,0,0,0,0,0,0,1,0.603696048787701,Virginia
0.959972579312782,2020,0,0,0,1,0,0,0,1,0,0,1,0,1,0.959972579312782,Virginia
0.959972579312782,2021,0,0,0,1,0,0,0,1,0,0,1,0,1,0.959972579312782,Virginia
0.959972579312782,2022,0,0,0,1,0,0,0,1,0,0,1,0,1,0.959972579312782,Virginia
0.959972579312782,2023,0,0,0,1,0,0,0,1,0,0,1,0,1,0.959972579312782,Virginia
-0.0999973473461295,2000,0,0,0,1,0,0,0,0,0,0,0,0,0,-0.0999973473461295,Washington
-0.0999973473461295,2001,0,0,0,1,0,0,0,0,0,0,0,0,0,-0.0999973473461295,Washington
-0.0137342829101011,2002,0,0,0,1,0,0,0,1,0,0,0,0,0,-0.0137342829101011,Washington
-0.0137342829101011,2003,0,0,0,1,0,0,0,1,0,0,0,0,0,-0.0137342829101011,Washington
-0.0137342829101011,2004,0,0,0,1,0,0,0,1,0,0,0,0,0,-0.0137342829101011,Washington
-0.0137342829101011,2005,0,0,0,1,0,0,0,1,0,0,0,0,0,-0.0137342829101011,Washington
-0.0137342829101011,2006,0,0,0,1,0,0,0,1,0,0,0,0,0,-0.0137342829101011,Washington
-0.0137342829101011,2007,0,0,0,1,0,0,0,1,0,0,0,0,0,-0.0137342829101011,Washington
-0.0137342829101011,2008,0,0,0,1,0,0,0,1,0,0,0,0,0,-0.0137342829101011,Washington
-0.0137342829101011,2009,0,0,0,1,0,0,0,1,0,0,0,0,0,-0.0137342829101011,Washington
-0.0137342829101011,2010,0,0,0,1,0,0,0,1,0,0,0,0,0,-0.0137342829101011,Washington
-0.0137342829101011,2011,0,0,0,1,0,0,0,1,0,0,0,0,0,-0.0137342829101011,Washington
-0.0137342829101011,2012,0,0,0,1,0,0,0,1,0,0,0,0,0,-0.0137342829101011,Washington
-0.0137342829101011,2013,0,0,0,1,0,0,0,1,0,0,0,0,0,-0.0137342829101011,Washington
-0.0137342829101011,2014,0,0,0,1,0,0,0,1,0,0,0,0,0,-0.0137342829101011,Washington
0.799406022669662,2015,0,0,0,1,0,0,0,1,0,0,0,0,1,0.799406022669662,Washington
0.799406022669662,2016,0,0,0,1,0,0,0,1,0,0,0,0,1,0.799406022669662,Washington
0.799406022669662,2017,0,0,0,1,0,0,0,1,0,0,0,0,1,0.799406022669662,Washington
0.799406022669662,2018,0,0,0,1,0,0,0,1,0,0,0,0,1,0.799406022669662,Washington
1.89993084660668,2019,0,0,0,1,0,0,0,1,0,1,1,0,1,1.89993084660668,Washington
1.89993084660668,2020,0,0,0,1,0,0,0,1,0,1,1,0,1,1.89993084660668,Washington
1.89993084660668,2021,0,0,0,1,0,0,0,1,0,1,1,0,1,1.89993084660668,Washington
1.89993084660668,2022,0,0,0,1,0,0,0,1,0,1,1,0,1,1.89993084660668,Washington
1.89993084660668,2023,0,0,0,1,0,0,0,1,0,1,1,0,1,1.89993084660668,Washington
-0.0999973473461295,2000,0,0,0,1,0,0,0,0,0,0,0,0,0,-0.0999973473461295,West Virginia
-0.0999973473461295,2001,0,0,0,1,0,0,0,0,0,0,0,0,0,-0.0999973473461295,West Virginia
-0.0999973473461295,2002,0,0,0,1,0,0,0,0,0,0,0,0,0,-0.0999973473461295,West Virginia
-0.0999973473461295,2003,0,0,0,1,0,0,0,0,0,0,0,0,0,-0.0999973473461295,West Virginia
-0.0999973473461295,2004,0,0,0,1,0,0,0,0,0,0,0,0,0,-0.0999973473461295,West Virginia
-0.0999973473461295,2005,0,0,0,1,0,0,0,0,0,0,0,0,0,-0.0999973473461295,West Virginia
-0.0999973473461295,2006,0,0,0,1,0,0,0,0,0,0,0,0,0,-0.0999973473461295,West Virginia
-0.0999973473461295,2007,0,0,0,1,0,0,0,0,0,0,0,0,0,-0.0999973473461295,West Virginia
-0.0999973473461295,2008,0,0,0,1,0,0,0,0,0,0,0,0,0,-0.0999973473461295,West Virginia
-0.0999973473461295,2009,0,0,0,1,0,0,0,0,0,0,0,0,0,-0.0999973473461295,West Virginia
-0.915896315286939,2010,0,1,0,1,0,0,0,0,0,0,0,0,0,-0.915896315286939,West Virginia
-0.915896315286939,2011,0,1,0,1,0,0,0,0,0,0,0,0,0,-0.915896315286939,West Virginia
-0.915896315286939,2012,0,1,0,1,0,0,0,0,0,0,0,0,0,-0.915896315286939,West Virginia
-0.915896315286939,2013,0,1,0,1,0,0,0,0,0,0,0,0,0,-0.915896315286939,West Virginia
-0.915896315286939,2014,0,1,0,1,0,0,0,0,0,0,0,0,0,-0.915896315286939,West Virginia
0.603696048787701,2015,0,0,0,1,0,0,0,0,0,0,0,0,1,0.603696048787701,West Virginia
0.603696048787701,2016,0,0,0,1,0,0,0,0,0,0,0,0,1,0.603696048787701,West Virginia
0.603696048787701,2017,0,0,0,1,0,0,0,0,0,0,0,0,1,0.603696048787701,West Virginia
0.603696048787701,2018,0,0,0,1,0,0,0,0,0,0,0,0,1,0.603696048787701,West Virginia
0.603696048787701,2019,0,0,0,1,0,0,0,0,0,0,0,0,1,0.603696048787701,West Virginia
0.734108500895439,2020,0,0,0,1,0,0,0,0,0,0,1,0,1,0.734108500895439,West Virginia
0.734108500895439,2021,0,0,0,1,0,0,0,0,0,0,1,0,1,0.734108500895439,West Virginia
0.734108500895439,2022,0,0,0,1,0,0,0,0,0,0,1,0,1,0.734108500895439,West Virginia
0.929483549588315,2023,0,0,0,1,0,1,0,0,0,0,1,0,1,0.929483549588315,West Virginia
-0.0137342829101011,2000,0,0,0,1,0,0,0,1,0,0,0,0,0,-0.0137342829101011,Wisconsin
-0.0137342829101011,2001,0,0,0,1,0,0,0,1,0,0,0,0,0,-0.0137342829101011,Wisconsin
-0.0137342829101011,2002,0,0,0,1,0,0,0,1,0,0,0,0,0,-0.0137342829101011,Wisconsin
-0.0137342829101011,2003,0,0,0,1,0,0,0,1,0,0,0,0,0,-0.0137342829101011,Wisconsin
-0.0137342829101011,2004,0,0,0,1,0,0,0,1,0,0,0,0,0,-0.0137342829101011,Wisconsin
-0.0137342829101011,2005,0,0,0,1,0,0,0,1,0,0,0,0,0,-0.0137342829101011,Wisconsin
-0.695198838215391,2006,0,1,0,1,0,0,1,1,0,0,0,0,0,-0.695198838215391,Wisconsin
-0.695198838215391,2007,0,1,0,1,0,0,1,1,0,0,0,0,0,-0.695198838215391,Wisconsin
-0.695198838215391,2008,0,1,0,1,0,0,1,1,0,0,0,0,0,-0.695198838215391,Wisconsin
-0.695198838215391,2009,0,1,0,1,0,0,1,1,0,0,0,0,0,-0.695198838215391,Wisconsin
-0.695198838215391,2010,0,1,0,1,0,0,1,1,0,0,0,0,0,-0.695198838215391,Wisconsin
-0.695198838215391,2011,0,1,0,1,0,0,1,1,0,0,0,0,0,-0.695198838215391,Wisconsin
-0.695198838215391,2012,0,1,0,1,0,0,1,1,0,0,0,0,0,-0.695198838215391,Wisconsin
-0.695198838215391,2013,0,1,0,1,0,0,1,1,0,0,0,0,0,-0.695198838215391,Wisconsin
-0.695198838215391,2014,0,1,0,1,0,0,1,1,0,0,0,0,0,-0.695198838215391,Wisconsin
0.806717264178101,2015,0,0,0,1,0,0,1,1,0,0,0,0,1,0.806717264178101,Wisconsin
0.806717264178101,2016,0,0,0,1,0,0,1,1,0,0,0,0,1,0.806717264178101,Wisconsin
0.806717264178101,2017,0,0,0,1,0,0,1,1,0,0,0,0,1,0.806717264178101,Wisconsin
0.806717264178101,2018,0,0,0,1,0,0,1,1,0,0,0,0,1,0.806717264178101,Wisconsin
0.806717264178101,2019,0,0,0,1,0,0,1,1,0,0,0,0,1,0.806717264178101,Wisconsin
0.806717264178101,2020,0,0,0,1,0,0,1,1,0,0,0,0,1,0.806717264178101,Wisconsin
0.806717264178101,2021,0,0,0,1,0,0,1,1,0,0,0,0,1,0.806717264178101,Wisconsin
0.806717264178101,2022,0,0,0,1,0,0,1,1,0,0,0,0,1,0.806717264178101,Wisconsin
0.806717264178101,2023,0,0,0,1,0,0,1,1,0,0,0,0,1,0.806717264178101,Wisconsin
-0.0999973473461295,2000,0,0,0,1,0,0,0,0,0,0,0,0,0,-0.0999973473461295,Wyoming
-0.0999973473461295,2001,0,0,0,1,0,0,0,0,0,0,0,0,0,-0.0999973473461295,Wyoming
-0.0999973473461295,2002,0,0,0,1,0,0,0,0,0,0,0,0,0,-0.0999973473461295,Wyoming
-0.0999973473461295,2003,0,0,0,1,0,0,0,0,0,0,0,0,0,-0.0999973473461295,Wyoming
-0.0403419434581318,2004,0,0,0,1,0,0,0,0,0,0,1,0,0,-0.0403419434581318,Wyoming
-0.0403419434581318,2005,0,0,0,1,0,0,0,0,0,0,1,0,0,-0.0403419434581318,Wyoming
-0.0403419434581318,2006,0,0,0,1,0,0,0,0,0,0,1,0,0,-0.0403419434581318,Wyoming
-0.0403419434581318,2007,0,0,0,1,0,0,0,0,0,0,1,0,0,-0.0403419434581318,Wyoming
-0.0403419434581318,2008,0,0,0,1,0,0,0,0,0,0,1,0,0,-0.0403419434581318,Wyoming
-0.0403419434581318,2009,0,0,0,1,0,0,0,0,0,0,1,0,0,-0.0403419434581318,Wyoming
-0.0403419434581318,2010,0,0,0,1,0,0,0,0,0,0,1,0,0,-0.0403419434581318,Wyoming
-0.762899182611329,2011,0,1,0,1,0,0,0,0,0,0,1,0,0,-0.762899182611329,Wyoming
-0.762899182611329,2012,0,1,0,1,0,0,0,0,0,0,1,0,0,-0.762899182611329,Wyoming
-0.762899182611329,2013,0,1,0,1,0,0,0,0,0,0,1,0,0,-0.762899182611329,Wyoming
-0.762899182611329,2014,0,1,0,1,0,0,0,0,0,0,1,0,0,-0.762899182611329,Wyoming
0.734108500895439,2015,0,0,0,1,0,0,0,0,0,0,1,0,1,0.734108500895439,Wyoming
0.734108500895439,2016,0,0,0,1,0,0,0,0,0,0,1,0,1,0.734108500895439,Wyoming
0.734108500895439,2017,0,0,0,1,0,0,0,0,0,0,1,0,1,0.734108500895439,Wyoming
0.734108500895439,2018,0,0,0,1,0,0,0,0,0,0,1,0,1,0.734108500895439,Wyoming
0.734108500895439,2019,0,0,0,1,0,0,0,0,0,0,1,0,1,0.734108500895439,Wyoming
0.734108500895439,2020,0,0,0,1,0,0,0,0,0,0,1,0,1,0.734108500895439,Wyoming
0.734108500895439,2021,0,0,0,1,0,0,0,0,0,0,1,0,1,0.734108500895439,Wyoming
0.734108500895439,2022,0,0,0,1,0,0,0,0,0,0,1,0,1,0.734108500895439,Wyoming
0.734108500895439,2023,0,0,0,1,0,0,0,0,0,0,1,0,1,0.734108500895439,Wyoming
